Time,PT01,PT02,PT03,PT04,PT05,PT06,PT07,PT08,PT09,PT10,PT11,PT12,PT13,TC01,TC02,TC03,TC04,TC05,TC06,TC07,TC08,Spindle Motor,X Motor,Z Motor,Disp. X,Disp. Z
1.017,21.5,21.7,21.8,21.1,21.2,20.9,20.9,21.6,21.1,21.0,20.8,21.3,21.3,20.0,20.3,20.1,19.1,19.4,19.6,21.6,22.3,19.0,19.0,20.0,0.0,0.0
1.185,21.5,21.8,21.8,21.1,21.2,20.9,20.9,21.6,21.2,21.0,20.8,21.3,21.3,19.5,20.2,20.3,19.4,19.5,19.7,21.7,22.4,19.0,19.0,20.0,0.0,0.08610391074048811
1.354,21.5,21.8,21.8,21.1,21.2,20.9,20.9,21.6,21.2,21.1,20.9,21.3,21.3,19.9,20.4,20.4,19.2,19.5,19.8,21.7,22.4,19.0,20.0,20.0,-1.1881650661821006,0.08610391074048811
1.523,21.5,21.7,21.8,21.1,21.2,21.0,20.9,21.7,21.2,21.1,20.9,21.3,21.3,19.6,20.4,20.2,19.2,19.5,19.7,21.7,22.5,19.0,19.0,20.0,-2.178043083311571,0.17198241857320717
1.691,21.5,21.8,21.8,21.1,21.2,21.0,20.9,21.7,21.3,21.0,20.8,21.3,21.3,19.6,20.7,20.5,19.3,19.6,19.8,21.8,22.5,19.0,19.0,20.0,-2.178043083311571,0.17198241857320717
1.859,21.5,21.8,21.8,21.1,21.2,21.0,20.9,21.7,21.3,21.0,20.9,21.3,21.3,19.6,20.7,20.4,19.2,19.6,19.8,21.7,22.5,19.0,20.0,20.0,-2.178043083311571,0.2578609264059262
2.027,21.5,21.8,21.8,21.1,21.2,21.1,20.9,21.7,21.4,21.1,20.9,21.3,21.3,19.5,20.4,20.3,19.7,19.5,19.7,21.7,22.4,19.0,20.0,20.0,-2.178043083311571,0.2578609264059262
2.195,21.6,21.8,21.8,21.1,21.2,21.1,20.9,21.7,21.4,21.0,20.8,21.3,21.3,20.0,20.4,20.4,19.2,19.6,19.8,21.7,22.5,19.0,20.0,20.0,-1.583701012198192,-2.063563619970717
2.363,21.6,21.8,21.8,21.1,21.2,21.1,20.9,21.8,21.5,21.0,20.9,21.3,21.3,20.3,20.3,20.6,19.5,19.6,19.8,21.7,22.5,19.0,19.0,20.0,-1.583701012198192,-2.063563619970717
2.532,21.6,21.8,21.8,21.1,21.3,21.2,20.9,21.8,21.5,21.1,20.9,21.3,21.3,20.2,20.7,20.6,19.8,19.7,19.9,21.8,22.6,19.0,20.0,20.0,-1.38593303919022,-2.063563619970717
2.701,21.6,21.8,21.8,21.1,21.3,21.2,20.9,21.8,21.6,21.1,20.9,21.4,21.3,19.8,20.3,20.4,19.8,19.7,19.8,21.7,22.5,19.0,20.0,20.0,-0.19776797300797203,-2.063563619970717
2.869,21.6,21.8,21.9,21.1,21.3,21.2,20.9,21.8,21.6,21.1,20.9,21.3,21.3,19.7,20.5,20.7,19.7,19.7,19.8,21.7,22.5,19.0,20.0,20.0,-0.7921100441213512,-1.9776851121378698
3.037,21.6,21.8,21.9,21.1,21.3,21.2,20.9,21.8,21.7,21.1,20.9,21.4,21.3,20.0,20.4,20.4,19.6,19.6,19.9,21.8,22.6,19.0,20.0,20.0,-0.39605502206060184,-1.8915812013975097
3.205,21.6,21.8,21.9,21.1,21.3,21.3,20.9,21.9,21.8,21.0,20.9,21.4,21.3,19.9,20.6,20.4,19.8,19.7,19.8,21.8,22.6,19.0,20.0,20.0,-0.39605502206060184,-1.8915812013975097
3.373,21.6,21.8,21.9,21.1,21.3,21.4,20.9,21.9,21.8,21.1,20.9,21.4,21.3,20.3,20.7,20.4,19.6,19.7,19.8,21.9,22.7,19.0,20.0,20.0,-0.39605502206060184,-2.6653893835230575
3.541,21.6,21.9,21.9,21.1,21.3,21.4,20.9,21.9,21.8,21.1,20.9,21.4,21.3,20.3,20.8,20.4,19.4,19.7,19.9,21.8,22.6,19.0,20.0,20.0,-0.39605502206060184,-2.6653893835230575
3.709,21.6,21.8,21.9,21.1,21.3,21.4,20.9,22.0,21.9,21.0,20.9,21.4,21.3,19.8,20.7,20.4,19.7,19.7,19.9,21.9,22.6,19.0,20.0,20.0,-0.39605502206060184,-3.8692663135353795
3.879,21.6,21.9,21.9,21.1,21.4,21.5,20.9,22.0,22.0,21.1,20.9,21.4,21.3,20.2,20.7,20.4,19.8,19.8,19.9,21.8,22.6,20.0,20.0,20.0,-0.39605502206060184,-3.8692663135353795
4.047,21.6,21.9,21.9,21.1,21.4,21.5,20.9,22.0,22.0,21.1,20.9,21.4,21.4,19.9,20.5,20.6,19.9,19.7,19.9,21.9,22.7,20.0,20.0,20.0,-0.39605502206060184,-3.8692663135353795
4.216,21.6,21.9,21.9,21.1,21.4,21.5,20.9,22.1,22.1,21.1,20.9,21.4,21.4,19.9,20.5,20.6,19.6,19.8,19.9,21.9,22.7,20.0,20.0,20.0,-0.39605502206060184,-3.7833878057026604
4.385,21.6,21.9,22.0,21.1,21.4,21.6,20.9,22.1,22.1,21.2,20.9,21.4,21.4,20.2,20.7,20.6,19.7,19.8,20.0,21.9,22.6,20.0,20.0,20.0,-0.39605502206060184,-3.7833878057026604
4.553,21.6,21.9,22.0,21.1,21.4,21.6,21.0,22.1,22.1,21.1,20.9,21.4,21.4,20.2,20.7,20.6,19.7,19.8,19.9,21.9,22.6,20.0,20.0,20.0,-0.5938229950687214,-3.7833878057026604
4.722,21.6,21.9,22.0,21.1,21.5,21.6,20.9,22.1,22.2,21.1,20.9,21.4,21.4,20.1,20.9,20.8,19.8,19.8,19.9,22.0,22.6,20.0,20.0,20.0,-0.5938229950687214,-3.7833878057026604
4.89,21.6,21.9,22.0,21.1,21.5,21.7,21.0,22.2,22.3,21.1,20.9,21.4,21.4,20.2,20.7,20.7,19.8,19.8,19.9,22.0,22.6,20.0,20.0,20.0,-0.5938229950687214,-3.6972838949621725
5.059,21.6,22.0,22.0,21.1,21.5,21.7,21.0,22.2,22.3,21.1,20.9,21.4,21.4,20.3,20.7,20.7,19.7,19.8,19.9,22.0,22.8,20.0,20.0,20.0,-0.5938229950687214,-3.6972838949621725
5.228,21.6,22.0,22.0,21.1,21.5,21.7,21.0,22.3,22.4,21.0,20.9,21.4,21.4,20.0,20.8,20.6,19.8,19.8,19.9,22.0,22.7,20.0,20.0,20.0,-0.5938229950687214,-3.6972838949621725
5.396,21.6,22.0,22.0,21.2,21.5,21.8,21.0,22.3,22.4,21.1,20.9,21.4,21.4,20.1,20.7,20.6,19.7,19.9,19.9,22.1,22.7,20.0,20.0,20.0,-0.5938229950687214,-3.6972838949621725
5.564,21.6,22.0,22.0,21.2,21.5,21.8,21.0,22.3,22.4,21.1,20.9,21.4,21.4,20.2,20.8,20.7,19.7,19.9,19.9,22.1,22.7,20.0,20.0,20.0,-0.5938229950687214,-5.760847514932889
5.732,21.6,22.0,22.1,21.2,21.5,21.8,21.0,22.4,22.5,21.1,20.9,21.4,21.4,20.3,20.8,20.7,19.7,19.9,20.0,22.1,22.8,20.0,20.0,20.0,-0.5938229950687214,-5.846951425673377
5.901,21.6,22.0,22.1,21.2,21.5,21.9,21.0,22.4,22.6,21.2,20.9,21.4,21.4,20.3,20.8,20.6,19.7,19.9,20.0,22.1,22.7,20.0,20.0,20.0,-0.7921100441213512,-5.846951425673377
6.07,21.6,22.0,22.1,21.2,21.5,21.9,21.0,22.4,22.6,21.1,20.9,21.5,21.4,20.4,20.8,20.7,19.8,19.9,20.0,22.2,22.9,20.0,20.0,20.0,-0.7921100441213512,-5.846951425673377
6.239,21.6,22.0,22.1,21.2,21.6,22.0,21.0,22.4,22.7,21.1,20.9,21.4,21.4,20.3,20.8,20.7,19.7,20.0,19.9,22.2,22.8,20.0,20.0,20.0,-0.7921100441213512,-5.846951425673377
6.407,21.6,22.1,22.1,21.2,21.6,22.0,21.0,22.5,22.7,21.1,20.9,21.5,21.4,20.2,20.8,20.7,19.8,19.9,20.0,22.2,22.8,20.0,20.0,20.0,-0.9898780171294708,-5.67496900710017
6.576,21.7,22.1,22.1,21.2,21.6,22.0,21.0,22.5,22.8,21.2,20.9,21.5,21.4,20.2,20.8,20.7,19.8,20.0,20.0,22.2,22.7,20.0,20.0,20.0,-0.9898780171294708,-5.67496900710017
6.745,21.7,22.1,22.1,21.2,21.6,22.1,21.0,22.5,22.8,21.2,20.9,21.5,21.4,20.3,20.8,20.7,19.8,20.0,20.0,22.3,22.8,20.0,20.0,20.0,-0.9898780171294708,-5.67496900710017
6.914,21.7,22.1,22.1,21.2,21.6,22.1,21.0,22.6,22.9,21.2,20.9,21.5,21.4,20.4,20.8,20.7,19.8,20.0,20.0,22.3,22.6,20.0,20.0,20.0,-0.9898780171294708,-5.67496900710017
7.082,21.6,22.1,22.2,21.2,21.6,22.1,21.0,22.6,22.9,21.2,20.9,21.4,21.4,20.3,20.8,20.7,19.7,20.0,19.9,22.2,22.7,20.0,20.0,20.0,-0.9898780171294708,-5.588865096359682
7.251,21.7,22.1,22.2,21.2,21.6,22.2,21.0,22.6,22.9,21.2,20.9,21.5,21.4,20.4,20.8,20.7,19.8,20.1,20.0,22.3,22.6,20.0,20.0,20.0,-0.7921100441213512,-5.588865096359682
7.419,21.7,22.1,22.2,21.2,21.7,22.2,21.0,22.7,23.0,21.2,20.9,21.5,21.4,20.4,20.9,20.7,19.8,20.0,20.0,22.2,22.5,20.0,20.0,20.0,-0.7921100441213512,-5.502986588526963
7.588,21.7,22.1,22.2,21.2,21.7,22.2,21.0,22.7,23.0,21.2,20.9,21.5,21.4,20.3,20.9,20.8,19.9,20.0,20.0,22.4,22.7,20.0,20.0,20.0,-0.7921100441213512,-5.502986588526963
7.757,21.7,22.1,22.2,21.2,21.7,22.3,21.1,22.7,23.0,21.2,20.9,21.5,21.4,20.4,20.9,20.7,19.8,20.0,20.2,22.3,22.6,20.0,20.0,20.0,-0.9898780171294708,-5.417108080694244
7.926,21.7,22.2,22.2,21.2,21.7,22.3,21.0,22.7,23.1,21.2,20.9,21.5,21.4,20.3,20.9,20.8,19.9,20.0,20.1,22.4,22.6,20.0,20.0,20.0,-0.9898780171294708,-5.417108080694244
8.094,21.7,22.2,22.2,21.2,21.7,22.3,21.0,22.8,23.1,21.2,20.9,21.5,21.4,20.5,20.9,20.9,19.9,20.0,20.1,22.3,22.6,20.0,20.0,20.0,-0.9898780171294708,-5.417108080694244
8.263,21.7,22.2,22.2,21.2,21.7,22.4,21.1,22.8,23.2,21.2,20.9,21.5,21.4,20.5,20.9,20.8,19.9,20.1,20.1,22.3,22.5,20.0,20.0,20.0,-0.9898780171294708,-5.417108080694244
8.432,21.7,22.2,22.3,21.2,21.7,22.4,21.0,22.8,23.2,21.2,20.9,21.5,21.4,20.4,20.9,20.7,19.9,20.1,20.0,22.3,22.4,21.0,20.0,20.0,-0.9898780171294708,-5.417108080694244
8.601,21.7,22.2,22.3,21.2,21.7,22.4,21.1,22.9,23.3,21.2,20.9,21.5,21.4,20.5,21.0,20.7,19.8,20.2,20.1,22.4,22.5,21.0,20.0,20.0,-1.1881650661821006,-7.394567789924473
8.77,21.7,22.2,22.3,21.2,21.8,22.4,21.1,22.9,23.3,21.2,20.9,21.5,21.4,20.4,20.9,20.8,19.8,20.2,20.2,22.3,22.4,21.0,20.0,20.0,-1.1881650661821006,-7.394567789924473
8.939,21.7,22.2,22.3,21.2,21.8,22.5,21.1,22.9,23.3,21.2,20.9,21.5,21.4,20.4,20.9,20.8,19.8,20.2,20.2,22.3,22.4,21.0,20.0,20.0,-0.5938229950687214,-7.480671700664961
9.108,21.7,22.3,22.3,21.2,21.8,22.5,21.1,23.0,23.4,21.2,20.9,21.5,21.4,20.2,21.0,20.9,19.9,20.2,20.2,22.4,22.4,21.0,20.0,20.0,-0.5938229950687214,-7.394567789924473
9.277,21.7,22.3,22.3,21.2,21.8,22.5,21.1,23.0,23.4,21.2,20.9,21.5,21.4,20.5,21.0,21.1,19.9,20.2,20.2,22.3,22.4,21.0,20.0,20.0,-0.5938229950687214,-7.394567789924473
9.445,21.7,22.3,22.3,21.2,21.8,22.6,21.1,23.0,23.4,21.2,20.9,21.5,21.4,20.6,21.0,20.8,19.9,20.2,20.2,22.4,22.3,21.0,20.0,20.0,-0.5938229950687214,-7.394567789924473
9.614,21.8,22.3,22.4,21.2,21.8,22.6,21.1,23.0,23.5,21.2,20.9,21.5,21.4,20.6,21.0,20.8,20.0,20.1,20.2,22.4,22.3,21.0,20.0,20.0,-0.5938229950687214,-7.394567789924473
9.782,21.8,22.3,22.4,21.2,21.8,22.6,21.1,23.0,23.5,21.2,20.9,21.5,21.4,20.5,21.0,20.8,19.9,20.2,20.2,22.4,22.3,21.0,20.0,20.0,0.0,-7.394567789924473
9.952,21.8,22.4,22.4,21.2,21.8,22.7,21.1,23.1,23.5,21.2,21.0,21.5,21.4,20.2,20.9,20.9,19.9,20.2,20.2,22.4,22.3,21.0,20.0,20.0,0.0,-7.394567789924473
10.121,21.8,22.4,22.4,21.2,21.8,22.7,21.1,23.1,23.6,21.2,21.0,21.5,21.4,20.5,21.0,20.8,20.1,20.3,20.3,22.4,22.3,21.0,20.0,20.0,0.7921100441214987,-7.308689282091754
10.289,21.8,22.4,22.4,21.2,21.8,22.7,21.1,23.1,23.6,21.2,21.0,21.5,21.4,20.5,21.0,20.9,19.9,20.3,20.2,22.5,22.3,21.0,20.0,20.0,0.990397093174276,-7.308689282091754
10.458,21.8,22.4,22.4,21.2,21.9,22.8,21.1,23.2,23.6,21.2,20.9,21.5,21.4,20.7,21.0,20.8,20.0,20.3,20.2,22.4,22.3,21.0,20.0,20.0,0.5943420711135267,-7.222585371351266
10.626,21.8,22.4,22.4,21.2,21.9,22.8,21.1,23.2,23.7,21.2,21.0,21.5,21.5,20.5,21.0,20.8,19.9,20.3,20.3,22.5,22.3,21.0,20.0,20.0,0.5943420711135267,-7.222585371351266
10.795,21.8,22.4,22.4,21.2,21.9,22.8,21.1,23.2,23.7,21.2,20.9,21.5,21.5,20.3,20.9,20.8,19.9,20.3,20.3,22.4,22.2,21.0,20.0,20.0,0.0,-7.222585371351266
10.963,21.8,22.4,22.4,21.2,21.9,22.8,21.2,23.3,23.7,21.2,21.0,21.5,21.5,20.6,21.0,20.9,20.1,20.4,20.3,22.5,22.3,21.0,20.0,20.0,0.0,-7.050602952778059
11.132,21.8,22.4,22.4,21.2,21.9,22.9,21.2,23.3,23.8,21.2,21.0,21.5,21.5,20.5,21.1,20.9,19.9,20.4,20.2,22.5,22.2,21.0,20.0,20.0,-0.19776797300797203,-7.050602952778059
11.3,21.8,22.4,22.5,21.2,21.9,22.9,21.2,23.3,23.8,21.2,21.0,21.5,21.5,20.6,21.0,21.0,20.1,20.4,20.3,22.6,22.3,21.0,20.0,20.0,0.19828704905277733,-7.050602952778059
11.469,21.8,22.4,22.5,21.2,21.9,22.9,21.2,23.3,23.8,21.2,21.0,21.5,21.5,20.5,21.1,21.0,20.2,20.3,20.2,22.6,22.3,21.0,20.0,20.0,0.19828704905277733,-7.050602952778059
11.637,21.8,22.5,22.5,21.3,21.9,23.0,21.2,23.4,23.9,21.2,21.0,21.6,21.5,20.5,21.2,21.1,20.1,20.3,20.2,22.6,22.4,21.0,20.0,20.0,-0.19776797300797203,-7.050602952778059
11.806,21.8,22.5,22.5,21.2,21.9,23.0,21.2,23.4,23.9,21.2,21.0,21.6,21.5,20.6,21.0,20.9,20.1,20.4,20.3,22.6,22.3,21.0,20.0,20.0,-0.19776797300797203,-7.050602952778059
11.975,21.8,22.5,22.5,21.3,22.0,23.0,21.2,23.4,23.9,21.2,21.0,21.6,21.5,20.5,21.1,21.0,20.1,20.4,20.2,22.6,22.3,21.0,20.0,20.0,0.0,-7.050602952778059
12.144,21.8,22.5,22.5,21.3,22.0,23.0,21.2,23.4,24.0,21.2,21.0,21.6,21.5,20.7,21.0,20.9,19.8,20.4,20.3,22.6,22.4,21.0,20.0,20.0,0.0,-7.050602952778059
12.312,21.8,22.5,22.6,21.2,22.0,23.0,21.2,23.5,24.0,21.2,21.0,21.6,21.5,20.6,21.1,21.0,20.1,20.4,20.3,22.6,22.4,21.0,20.0,20.0,0.39605502206074933,-7.050602952778059
12.482,21.8,22.6,22.6,21.3,22.0,23.1,21.2,23.5,24.0,21.3,21.0,21.5,21.5,20.7,21.1,20.9,20.0,20.4,20.3,22.7,22.4,21.0,20.0,20.0,0.5943420711135267,-7.308689282091754
12.651,21.8,22.6,22.6,21.2,22.0,23.1,21.2,23.5,24.0,21.3,21.0,21.5,21.5,20.7,21.2,20.9,20.0,20.5,20.3,22.8,22.4,21.0,20.0,20.0,0.5943420711135267,-7.308689282091754
12.821,21.9,22.6,22.6,21.3,22.0,23.1,21.2,23.6,24.1,21.2,21.0,21.6,21.5,20.6,21.0,20.9,20.1,20.5,20.3,22.7,22.4,22.0,20.0,20.0,0.7921100441214987,-9.200270483489264
12.989,21.9,22.6,22.6,21.3,22.0,23.2,21.2,23.6,24.1,21.3,21.0,21.6,21.5,20.8,21.2,21.1,20.1,20.4,20.3,22.7,22.4,22.0,20.0,20.0,0.7921100441214987,-9.200270483489264
13.157,21.9,22.6,22.6,21.3,22.0,23.2,21.2,23.6,24.1,21.3,21.0,21.6,21.5,20.7,21.0,21.1,20.1,20.5,20.3,22.7,22.3,22.0,20.0,20.0,0.7921100441214987,-9.200270483489264
13.327,21.9,22.6,22.6,21.3,22.1,23.2,21.2,23.6,24.2,21.3,21.0,21.6,21.5,20.8,21.1,21.1,20.2,20.5,20.4,22.8,22.3,22.0,20.0,20.0,0.7921100441214987,-9.200270483489264
13.495,21.9,22.7,22.7,21.3,22.1,23.2,21.2,23.6,24.2,21.3,21.0,21.6,21.5,20.7,21.1,21.0,19.9,20.5,20.4,22.8,22.4,22.0,20.0,20.0,0.7921100441214987,-9.200270483489264
13.665,21.9,22.7,22.7,21.3,22.1,23.3,21.2,23.6,24.2,21.2,21.0,21.6,21.5,20.6,21.1,20.9,20.1,20.6,20.4,22.8,22.4,22.0,20.0,20.0,0.990397093174276,-9.200270483489264
13.834,21.9,22.7,22.7,21.3,22.1,23.3,21.2,23.7,24.3,21.3,21.0,21.6,21.5,20.7,21.2,21.1,20.1,20.6,20.3,22.8,22.5,22.0,20.0,20.0,0.5943420711135267,-9.200270483489264
14.004,21.9,22.7,22.7,21.3,22.1,23.3,21.2,23.7,24.2,21.3,21.0,21.6,21.5,20.6,21.0,21.0,20.2,20.5,20.4,22.9,22.4,22.0,20.0,20.0,0.0,-9.114391975656417
14.173,21.9,22.7,22.7,21.3,22.1,23.3,21.2,23.8,24.3,21.3,21.1,21.6,21.5,20.7,21.1,21.1,20.1,20.6,20.4,23.0,22.5,22.0,20.0,20.0,0.19828704905277733,-9.114391975656417
14.342,21.9,22.7,22.7,21.3,22.1,23.3,21.2,23.8,24.3,21.2,21.0,21.6,21.5,20.6,21.1,21.1,20.2,20.5,20.4,22.9,22.5,22.0,20.0,20.0,-0.5938229950687214,-9.114391975656417
14.511,21.9,22.7,22.7,21.3,22.1,23.4,21.3,23.8,24.3,21.3,21.0,21.6,21.5,20.8,21.3,21.1,20.1,20.7,20.4,22.9,22.5,22.0,20.0,20.0,-0.5938229950687214,-9.114391975656417
14.68,22.0,22.8,22.8,21.3,22.1,23.4,21.2,23.8,24.4,21.2,21.0,21.6,21.6,20.7,21.2,21.0,20.1,20.5,20.4,23.1,22.5,22.0,20.0,20.0,-0.5938229950687214,-9.114391975656417
14.848,21.9,22.8,22.8,21.3,22.1,23.4,21.3,23.9,24.4,21.3,21.1,21.7,21.6,20.7,21.2,21.1,20.2,20.7,20.3,23.0,22.5,22.0,20.0,20.0,-0.5938229950687214,-9.114391975656417
15.017,21.9,22.8,22.8,21.3,22.1,23.4,21.3,23.9,24.4,21.3,21.1,21.6,21.6,20.7,21.3,21.1,20.1,20.7,20.4,22.9,22.5,22.0,20.0,20.0,-0.39605502206060184,-9.028288064916056
15.185,22.0,22.8,22.8,21.3,22.1,23.5,21.3,23.9,24.4,21.3,21.1,21.7,21.6,20.7,21.2,21.2,20.2,20.7,20.4,23.0,22.5,22.0,20.0,20.0,-0.19776797300797203,-9.028288064916056
15.353,22.0,22.8,22.8,21.3,22.2,23.5,21.3,23.9,24.5,21.3,21.1,21.7,21.6,20.8,21.3,21.1,20.1,20.5,20.3,23.0,22.5,22.0,20.0,20.0,-0.5938229950687214,-9.028288064916056
15.523,22.0,22.9,22.8,21.3,22.2,23.5,21.3,23.9,24.5,21.3,21.1,21.6,21.6,20.7,21.2,21.2,20.2,20.6,20.4,23.0,22.5,22.0,20.0,20.0,-0.5938229950687214,-9.028288064916056
15.691,22.0,22.9,22.9,21.3,22.2,23.5,21.3,24.0,24.5,21.3,21.1,21.7,21.6,20.8,21.2,21.1,20.2,20.7,20.4,23.1,22.5,22.0,20.0,20.0,-0.39605502206060184,-9.028288064916056
15.86,22.0,22.9,22.9,21.3,22.2,23.6,21.3,24.0,24.5,21.3,21.1,21.7,21.6,20.8,21.3,21.1,20.0,20.7,20.5,23.0,22.5,22.0,20.0,20.0,-0.39605502206060184,-8.94240955708321
16.029,22.0,22.9,22.9,21.3,22.2,23.6,21.3,24.0,24.6,21.3,21.1,21.7,21.6,20.7,21.2,21.2,20.2,20.7,20.4,23.1,22.6,22.0,20.0,20.0,-0.39605502206060184,-8.94240955708321
16.197,22.0,22.9,22.9,21.4,22.2,23.6,21.3,24.0,24.6,21.4,21.1,21.7,21.6,20.8,21.3,21.2,20.3,20.7,20.5,23.1,22.6,22.0,20.0,20.0,-0.39605502206060184,-8.94240955708321
16.367,22.0,22.9,22.9,21.3,22.2,23.6,21.3,24.1,24.6,21.3,21.1,21.7,21.6,20.7,21.2,21.1,20.0,20.7,20.4,23.1,22.5,22.0,20.0,21.0,-0.39605502206060184,-8.94240955708321
16.535,22.0,23.0,22.9,21.4,22.2,23.6,21.3,24.1,24.6,21.3,21.1,21.7,21.6,20.8,21.3,21.2,20.2,20.7,20.4,23.1,22.7,22.0,20.0,20.0,-0.9898780171294708,-9.286374394229624
16.704,22.0,23.0,22.9,21.3,22.2,23.6,21.3,24.1,24.7,21.3,21.1,21.7,21.6,20.8,21.2,21.2,20.2,20.7,20.4,23.1,22.6,22.0,20.0,21.0,-0.9898780171294708,-9.716217739208757
16.872,22.1,23.0,23.0,21.3,22.3,23.7,21.3,24.1,24.7,21.3,21.1,21.7,21.6,20.7,21.3,21.2,20.2,20.8,20.5,23.2,22.8,22.0,20.0,20.0,-0.9898780171294708,-11.005973177053926
17.041,22.1,23.0,23.0,21.3,22.3,23.7,21.3,24.2,24.7,21.4,21.1,21.7,21.6,20.8,21.2,21.2,20.2,20.7,20.4,23.3,22.8,22.0,20.0,21.0,-1.38593303919022,-11.092077087794415
17.718,22.1,23.0,23.0,21.4,22.3,23.8,21.4,24.2,24.8,21.3,21.1,21.7,21.6,20.9,21.3,21.3,20.3,20.8,20.5,23.2,22.7,22.0,20.0,21.0,-2.178043083311571,-11.005973177053926
18.393,22.2,23.1,23.1,21.4,22.3,23.9,21.4,24.3,24.8,21.4,21.2,21.7,21.7,21.0,21.4,21.2,20.2,20.9,20.5,23.4,22.8,23.0,21.0,21.0,-1.9797560342589415,-10.920094669221207
19.068,22.2,23.2,23.2,21.4,22.4,23.9,21.4,24.4,24.9,21.3,21.2,21.8,21.7,20.9,21.5,21.3,20.2,20.9,20.5,23.5,22.9,23.0,21.0,21.0,-2.178043083311571,-10.920094669221207
19.744,22.2,23.2,23.2,21.4,22.4,24.0,21.4,24.5,25.0,21.4,21.2,21.8,21.7,20.8,21.3,21.3,20.3,20.8,20.5,23.7,23.0,23.0,21.0,21.0,-2.375811056319691,-10.748112250648001
20.418,22.2,23.3,23.3,21.4,22.4,24.1,21.5,24.6,25.1,21.5,21.2,21.8,21.7,21.0,21.4,21.3,20.2,21.0,20.7,23.6,22.9,23.0,21.0,21.0,-2.375811056319691,-10.748112250648001
21.093,22.3,23.4,23.3,21.5,22.5,24.2,21.5,24.7,25.1,21.4,21.2,21.8,21.8,21.0,21.5,21.3,20.2,21.0,20.6,23.7,23.0,23.0,21.0,21.0,-2.375811056319691,-12.983658289191924
21.766,22.3,23.4,23.4,21.5,22.5,24.2,21.5,24.8,25.2,21.5,21.2,21.8,21.8,21.0,21.5,21.5,20.3,21.0,20.7,23.9,23.1,23.0,21.0,21.0,-2.375811056319691,-12.897554378451437
22.441,22.4,23.5,23.5,21.5,22.6,24.3,21.5,24.8,25.3,21.4,21.3,21.9,21.8,21.0,21.6,21.3,20.3,21.1,20.7,23.9,23.1,23.0,21.0,21.0,-2.5740981053723204,-12.897554378451437
23.114,22.4,23.6,23.5,21.5,22.6,24.4,21.5,24.9,25.3,21.5,21.3,21.9,21.8,21.0,21.4,21.4,20.2,21.3,20.8,23.9,23.1,24.0,21.0,21.0,-2.5740981053723204,-12.811675870618718
23.788,22.5,23.6,23.6,21.5,22.6,24.4,21.5,25.0,25.4,21.5,21.3,21.9,21.8,21.1,21.6,21.6,20.4,21.3,20.8,24.1,23.1,24.0,21.0,21.0,-2.5740981053723204,-12.811675870618718
24.463,22.5,23.7,23.7,21.5,22.7,24.5,21.6,25.1,25.4,21.5,21.3,21.9,21.8,21.2,21.6,21.5,20.3,21.3,20.8,24.1,23.2,24.0,21.0,21.0,-2.5740981053723204,-13.241519215597851
25.138,22.5,23.7,23.7,21.5,22.7,24.5,21.6,25.2,25.5,21.6,21.3,21.9,21.9,21.2,21.6,21.5,20.3,21.3,20.8,24.1,23.1,24.0,21.0,21.0,-2.5740981053723204,-14.875239490589435
25.812,22.6,23.8,23.8,21.5,22.7,24.6,21.6,25.2,25.5,21.6,21.3,22.0,21.9,21.0,21.6,21.5,20.4,21.4,20.8,24.3,23.1,24.0,21.0,21.0,-2.77186607838044,-14.789360982756588
26.487,22.6,23.9,23.8,21.6,22.8,24.6,21.6,25.3,25.5,21.6,21.4,22.0,21.9,21.2,21.7,21.6,20.6,21.3,20.9,24.3,23.0,24.0,21.0,21.0,-2.77186607838044,-14.703257072016227
27.162,22.7,23.9,23.9,21.6,22.8,24.7,21.7,25.4,25.6,21.7,21.4,22.0,21.9,21.2,21.7,21.5,20.4,21.4,21.0,24.2,22.8,24.0,21.0,21.0,-2.77186607838044,-14.789360982756588
27.836,22.7,24.0,23.9,21.6,22.8,24.8,21.7,25.4,25.7,21.7,21.4,22.1,21.9,21.3,21.8,21.5,20.4,21.5,21.0,24.3,22.6,25.0,21.0,21.0,-2.77186607838044,-14.703257072016227
28.511,22.7,24.0,24.0,21.6,22.8,24.8,21.7,25.5,25.7,21.7,21.4,22.1,22.0,21.3,21.8,21.7,20.5,21.5,20.9,24.3,22.6,25.0,21.0,21.0,-2.77186607838044,-14.703257072016227
29.187,22.8,24.1,24.1,21.6,22.9,24.8,21.7,25.6,25.7,21.7,21.4,22.1,22.0,21.3,21.7,21.7,20.5,21.6,21.0,24.4,22.5,25.0,21.0,21.0,-2.77186607838044,-14.61737856418338
29.861,22.9,24.1,24.2,21.7,22.9,24.9,21.8,25.6,25.8,21.7,21.5,22.1,22.0,21.2,21.7,21.8,20.6,21.5,21.0,24.5,22.4,25.0,21.0,22.0,-2.97015312743307,-14.703257072016227
30.534,22.9,24.2,24.2,21.7,23.0,25.0,21.8,25.7,25.8,21.7,21.5,22.1,22.0,21.4,21.8,21.8,20.5,21.6,21.0,24.6,22.6,25.0,21.0,22.0,-2.97015312743307,-16.767046094894585
31.21,22.9,24.2,24.2,21.7,23.0,25.0,21.8,25.8,25.8,21.8,21.5,22.1,22.1,21.4,21.8,21.9,20.6,21.6,21.1,24.7,22.8,25.0,21.0,22.0,-4.158318193615318,-16.767046094894585
31.884,23.0,24.3,24.3,21.7,23.0,25.0,21.8,25.8,25.9,21.8,21.5,22.2,22.1,21.4,21.8,21.8,20.6,21.6,21.0,24.8,22.8,25.0,21.0,22.0,-4.752141188684039,-16.767046094894585
32.558,23.0,24.4,24.4,21.7,23.0,25.1,21.8,25.9,25.9,21.9,21.5,22.2,22.1,21.4,21.8,21.9,20.6,21.7,21.0,24.8,22.8,26.0,21.0,22.0,-4.752141188684039,-16.767046094894585
33.234,23.1,24.4,24.4,21.7,23.0,25.1,21.9,26.0,26.0,21.9,21.5,22.3,22.1,21.4,21.9,22.1,20.7,21.7,21.2,24.8,22.8,26.0,21.0,22.0,-4.554373215676067,-16.680942184154098
33.91,23.1,24.5,24.5,21.8,23.1,25.2,21.9,26.0,26.0,21.9,21.6,22.3,22.2,21.5,21.9,22.0,20.6,21.7,21.0,24.8,22.9,26.0,22.0,22.0,-5.148196210744789,-16.680942184154098
34.584,23.2,24.5,24.5,21.8,23.1,25.2,21.9,26.1,26.0,21.9,21.6,22.3,22.2,21.5,22.0,22.0,20.7,21.9,21.2,24.9,23.0,26.0,22.0,22.0,-5.544251232805538,-16.595063676321377
35.257,23.2,24.6,24.6,21.8,23.2,25.3,21.9,26.2,26.1,21.9,21.6,22.3,22.2,21.6,22.0,22.1,20.7,22.0,21.3,25.0,23.0,26.0,22.0,22.0,-5.345964183752908,-16.595063676321377
35.933,23.3,24.7,24.7,21.8,23.2,25.3,21.9,26.2,26.1,21.9,21.6,22.4,22.3,21.6,22.0,22.0,20.6,21.9,21.3,25.1,23.1,26.0,22.0,22.0,-6.1380742278742595,-18.658627296292096
36.607,23.3,24.7,24.8,21.8,23.2,25.3,22.0,26.3,26.1,21.9,21.6,22.4,22.3,21.5,22.0,22.1,20.7,22.0,21.2,25.1,23.1,26.0,22.0,22.0,-6.534129249935009,-19.002592133438508
37.282,23.4,24.8,24.8,21.9,23.3,25.4,22.0,26.4,26.2,21.9,21.7,22.4,22.3,21.7,22.0,22.2,20.7,22.0,21.3,25.1,23.2,26.0,22.0,22.0,-5.940306254866288,-18.830609714865304
37.956,23.4,24.8,24.9,21.9,23.3,25.4,22.0,26.4,26.2,22.1,21.7,22.4,22.3,21.6,22.1,22.3,20.8,22.1,21.3,25.2,23.2,27.0,22.0,22.0,-6.732416298987786,-18.744505804124813
38.631,23.4,24.9,24.9,21.9,23.3,25.4,22.0,26.5,26.2,22.0,21.7,22.5,22.4,21.6,22.1,22.3,20.7,22.1,21.4,25.3,23.3,27.0,22.0,22.0,-7.524526343109137,-18.830609714865304
39.306,23.5,25.0,25.0,21.9,23.3,25.5,22.0,26.5,26.3,22.1,21.7,22.5,22.4,21.7,22.0,22.2,20.8,22.1,21.3,25.4,23.4,27.0,22.0,22.0,-8.712172333246727,-18.744505804124813
39.981,23.5,25.0,25.1,21.9,23.3,25.5,22.1,26.6,26.3,22.1,21.8,22.5,22.4,21.7,22.2,22.2,20.7,22.3,21.4,25.6,23.4,27.0,22.0,22.0,-8.316117311185979,-18.658627296292096
40.655,23.6,25.1,25.1,22.0,23.4,25.6,22.1,26.7,26.3,22.1,21.8,22.5,22.4,21.7,22.1,22.3,20.9,22.3,21.4,25.5,23.4,27.0,22.0,22.0,-8.514404360238755,-18.744505804124813
41.328,23.6,25.1,25.2,22.0,23.4,25.6,22.1,26.7,26.3,22.1,21.8,22.6,22.4,21.7,22.2,22.4,20.9,22.4,21.5,25.5,23.4,27.0,22.0,22.0,-8.712172333246727,-19.43243547841764
42.003,23.7,25.2,25.2,22.0,23.5,25.6,22.1,26.8,26.4,22.2,21.8,22.6,22.5,21.7,22.1,22.3,20.8,22.4,21.5,25.5,23.5,27.0,22.0,22.0,-8.514404360238755,-20.3782260791164
42.677,23.7,25.2,25.3,22.0,23.5,25.6,22.1,26.8,26.4,22.2,21.8,22.6,22.5,21.9,22.2,22.3,20.8,22.5,21.6,25.7,23.4,28.0,22.0,22.0,-8.712172333246727,-20.89417333483602
43.352,23.8,25.3,25.4,22.0,23.5,25.7,22.1,26.9,26.4,22.3,21.8,22.6,22.5,21.8,22.2,22.4,20.9,22.5,21.6,25.7,23.3,28.0,22.0,22.0,-8.712172333246727,-20.89417333483602
44.026,23.8,25.3,25.4,22.1,23.5,25.7,22.2,26.9,26.4,22.3,21.8,22.7,22.6,21.9,22.4,22.4,20.9,22.4,21.5,25.7,23.1,28.0,22.0,22.0,-8.712172333246727,-20.808294827003174
44.7,23.9,25.4,25.5,22.1,23.6,25.8,22.2,27.0,26.5,22.3,21.9,22.7,22.6,21.9,22.4,22.6,21.0,22.5,21.6,25.8,23.1,28.0,22.0,22.0,-8.712172333246727,-20.808294827003174
45.375,23.9,25.4,25.6,22.1,23.6,25.8,22.2,27.0,26.5,22.3,21.9,22.7,22.6,21.9,22.3,22.5,21.0,22.5,21.6,25.9,23.1,28.0,22.0,23.0,-8.910459382299505,-20.808294827003174
46.048,24.0,25.5,25.6,22.1,23.6,25.8,22.2,27.1,26.6,22.3,21.9,22.8,22.7,21.9,22.3,22.5,20.9,22.6,21.7,25.9,23.0,28.0,22.0,23.0,-8.910459382299505,-20.808294827003174
46.723,24.0,25.5,25.7,22.1,23.6,25.9,22.3,27.1,26.6,22.3,21.9,22.8,22.7,22.0,22.4,22.6,21.1,22.6,21.7,26.0,23.0,28.0,22.0,23.0,-8.910459382299505,-22.87185844697389
47.399,24.1,25.6,25.7,22.1,23.7,25.9,22.3,27.1,26.6,22.4,22.0,22.8,22.7,22.0,22.5,22.5,21.1,22.6,21.7,26.1,23.0,28.0,22.0,23.0,-8.910459382299505,-23.043840865547097
48.074,24.1,25.7,25.8,22.2,23.7,25.9,22.3,27.2,26.6,22.4,22.0,22.8,22.7,21.9,22.4,22.6,21.1,22.7,21.8,25.9,23.0,28.0,22.0,23.0,-8.712172333246727,-22.87185844697389
48.748,24.2,25.7,25.9,22.2,23.7,26.0,22.3,27.3,26.6,22.3,22.0,22.9,22.7,22.0,22.4,22.6,21.0,22.7,21.8,26.1,23.0,29.0,22.0,23.0,-8.712172333246727,-22.87185844697389
49.423,24.2,25.8,25.9,22.2,23.8,26.0,22.3,27.3,26.6,22.5,22.0,22.9,22.7,22.0,22.4,22.7,21.1,22.8,21.9,26.2,23.1,29.0,22.0,23.0,-8.910459382299505,-22.87185844697389
50.098,24.3,25.8,26.0,22.2,23.8,26.0,22.4,27.3,26.7,22.4,22.0,22.9,22.8,22.0,22.5,22.8,21.1,22.7,21.8,26.1,23.0,29.0,23.0,23.0,-9.108227355307477,-22.87185844697389
50.773,24.3,25.9,26.0,22.2,23.8,26.0,22.4,27.4,26.7,22.5,22.1,23.0,22.8,22.1,22.6,22.8,21.2,22.8,21.9,26.2,23.1,29.0,23.0,23.0,-8.910459382299505,-22.957736954806737
51.446,24.4,25.9,26.1,22.3,23.9,26.0,22.4,27.5,26.7,22.5,22.1,23.0,22.9,22.1,22.6,22.8,21.2,22.8,22.0,26.2,23.2,29.0,23.0,23.0,-8.712172333246727,-22.87185844697389
52.122,24.4,26.0,26.1,22.3,23.9,26.1,22.4,27.5,26.7,22.5,22.1,23.0,22.9,22.2,22.6,22.8,21.1,22.8,21.9,26.4,23.4,29.0,23.0,23.0,-8.712172333246727,-22.87185844697389
52.796,24.5,26.0,26.2,22.3,23.9,26.1,22.4,27.6,26.8,22.6,22.1,23.0,22.9,22.1,22.6,22.9,21.2,22.9,21.9,26.3,23.4,29.0,23.0,23.0,-8.910459382299505,-22.87185844697389
53.471,24.5,26.1,26.3,22.3,24.0,26.1,22.5,27.6,26.8,22.6,22.1,23.1,23.0,22.2,22.6,23.0,21.2,23.0,22.0,26.4,23.5,29.0,23.0,23.0,-8.910459382299505,-22.87185844697389
54.146,24.6,26.2,26.3,22.4,24.0,26.2,22.5,27.7,26.8,22.6,22.1,23.1,23.0,22.2,22.7,23.0,21.1,23.0,22.0,26.4,23.5,30.0,23.0,23.0,-8.910459382299505,-22.87185844697389
54.821,24.6,26.2,26.4,22.4,24.0,26.2,22.5,27.7,26.9,22.7,22.2,23.1,23.0,22.3,22.7,23.0,21.2,23.1,22.0,26.4,23.5,30.0,23.0,23.0,-8.910459382299505,-25.193508396258302
55.496,24.7,26.2,26.4,22.4,24.0,26.2,22.5,27.8,26.9,22.7,22.2,23.2,23.0,22.2,22.7,23.1,21.2,23.2,22.1,26.5,23.6,30.0,23.0,23.0,-9.108227355307477,-25.193508396258302
56.168,24.7,26.3,26.5,22.4,24.1,26.2,22.5,27.8,26.9,22.6,22.2,23.2,23.1,22.2,22.7,23.1,21.3,23.1,22.0,26.6,23.7,30.0,23.0,23.0,-8.910459382299505,-25.10740448551781
56.843,24.8,26.4,26.6,22.4,24.1,26.3,22.6,27.8,26.9,22.7,22.2,23.2,23.1,22.4,22.9,23.2,21.3,23.2,22.1,26.5,23.7,30.0,23.0,23.0,-8.910459382299505,-25.193508396258302
57.52,24.8,26.4,26.6,22.4,24.2,26.3,22.6,27.9,26.9,22.8,22.2,23.3,23.1,22.4,22.8,23.1,21.3,23.2,22.0,26.7,23.7,30.0,23.0,23.0,-8.910459382299505,-25.10740448551781
58.195,24.8,26.4,26.7,22.5,24.2,26.3,22.6,27.9,26.9,22.7,22.3,23.2,23.1,22.4,22.7,23.2,21.3,23.2,22.1,26.7,23.7,30.0,23.0,23.0,-8.910459382299505,-25.10740448551781
58.869,24.9,26.5,26.7,22.5,24.2,26.3,22.6,28.0,27.0,22.8,22.3,23.3,23.1,22.5,23.0,23.1,21.3,23.3,22.1,26.7,23.8,30.0,23.0,23.0,-8.910459382299505,-25.021525977685094
59.543,24.9,26.6,26.8,22.5,24.2,26.4,22.6,28.0,27.0,22.7,22.3,23.3,23.2,22.4,22.9,23.1,21.3,23.2,22.1,26.8,23.8,30.0,23.0,24.0,-9.108227355307477,-25.021525977685094
60.217,25.0,26.6,26.9,22.5,24.2,26.4,22.7,28.1,27.0,22.7,22.3,23.3,23.2,22.4,22.9,23.1,21.3,23.3,22.1,26.8,23.6,31.0,23.0,23.0,-9.108227355307477,-25.021525977685094
60.892,25.0,26.7,26.9,22.6,24.3,26.4,22.7,28.1,27.0,22.8,22.3,23.4,23.3,22.4,23.0,23.1,21.4,23.4,22.3,26.9,23.5,31.0,23.0,24.0,-9.108227355307477,-25.021525977685094
61.568,25.1,26.7,27.0,22.6,24.3,26.4,22.7,28.1,27.1,22.9,22.4,23.4,23.3,22.4,22.7,23.3,21.4,23.3,22.2,27.0,23.5,31.0,23.0,24.0,-8.910459382299505,-25.021525977685094
62.244,25.1,26.8,27.0,22.6,24.4,26.5,22.7,28.2,27.1,22.9,22.4,23.4,23.3,22.5,22.9,23.1,21.3,23.5,22.2,27.0,23.5,31.0,23.0,24.0,-8.910459382299505,-27.17096810548853
62.919,25.2,26.8,27.1,22.6,24.4,26.5,22.7,28.2,27.1,22.9,22.4,23.5,23.3,22.5,23.0,23.2,21.4,23.5,22.4,27.0,23.2,31.0,23.0,24.0,-8.910459382299505,-27.17096810548853
63.593,25.2,26.9,27.1,22.6,24.4,26.5,22.7,28.3,27.1,22.9,22.4,23.5,23.3,22.5,22.9,23.3,21.5,23.5,22.4,27.0,23.3,31.0,23.0,24.0,-9.108227355307477,-27.17096810548853
64.267,25.3,26.9,27.2,22.7,24.4,26.6,22.8,28.3,27.1,22.9,22.4,23.5,23.4,22.5,23.0,23.1,21.4,23.5,22.3,27.0,23.2,31.0,23.0,24.0,-9.108227355307477,-25.021525977685094
64.943,25.3,27.0,27.2,22.7,24.5,26.6,22.8,28.4,27.2,22.9,22.4,23.5,23.4,22.6,23.0,23.2,21.5,23.5,22.4,27.0,23.2,31.0,23.0,24.0,-8.910459382299505,-27.08508959765581
65.617,25.4,27.0,27.3,22.7,24.5,26.6,22.8,28.4,27.2,23.0,22.5,23.6,23.4,22.5,23.0,23.3,21.5,23.5,22.3,27.0,23.1,31.0,23.0,24.0,-9.108227355307477,-27.17096810548853
66.293,25.4,27.0,27.3,22.7,24.5,26.6,22.8,28.4,27.2,23.0,22.5,23.6,23.5,22.6,23.1,23.4,21.5,23.7,22.5,27.1,23.3,31.0,24.0,24.0,-9.108227355307477,-27.17096810548853
66.969,25.4,27.1,27.4,22.7,24.5,26.6,22.8,28.5,27.2,23.0,22.5,23.6,23.5,22.6,23.1,23.6,21.5,23.7,22.5,27.2,23.5,32.0,24.0,24.0,-9.306514404360106,-27.17096810548853
67.644,25.5,27.2,27.5,22.7,24.6,26.7,22.9,28.5,27.2,23.1,22.5,23.6,23.5,22.6,23.1,23.5,21.5,23.7,22.5,27.1,23.5,32.0,24.0,24.0,-9.504282377368225,-27.17096810548853
68.319,25.5,27.2,27.5,22.8,24.6,26.7,22.9,28.6,27.3,23.2,22.5,23.7,23.6,22.6,23.1,23.6,21.5,23.8,22.5,27.2,23.5,32.0,24.0,24.0,-9.306514404360106,-27.17096810548853
68.993,25.6,27.2,27.5,22.8,24.6,26.7,22.9,28.6,27.3,23.1,22.6,23.7,23.6,22.6,23.1,23.6,21.5,23.7,22.6,27.3,23.6,32.0,24.0,24.0,-9.306514404360106,-27.08508959765581
69.667,25.6,27.3,27.6,22.8,24.7,26.7,22.9,28.6,27.3,23.2,22.6,23.7,23.6,22.7,23.2,23.7,21.6,23.8,22.5,27.1,23.7,32.0,24.0,24.0,-9.306514404360106,-27.08508959765581
70.342,25.7,27.3,27.6,22.8,24.7,26.8,23.0,28.7,27.3,23.2,22.6,23.7,23.6,22.7,23.1,23.7,21.6,23.8,22.6,27.4,23.7,32.0,24.0,24.0,-9.108227355307477,-27.08508959765581
71.018,25.7,27.4,27.7,22.9,24.7,26.8,23.0,28.7,27.3,23.2,22.6,23.8,23.6,22.8,23.2,23.7,21.5,23.9,22.6,27.3,23.8,32.0,24.0,24.0,-9.306514404360106,-27.08508959765581
71.692,25.8,27.4,27.8,22.9,24.8,26.8,23.0,28.7,27.3,23.3,22.6,23.8,23.7,22.7,23.1,23.8,21.6,23.9,22.6,27.4,23.9,32.0,24.0,24.0,-9.108227355307477,-27.08508959765581
72.367,25.8,27.5,27.8,22.9,24.8,26.8,23.0,28.8,27.4,23.3,22.6,23.8,23.7,22.8,23.2,23.8,21.6,24.0,22.6,27.5,23.8,32.0,24.0,24.0,-9.108227355307477,-27.17096810548853
73.042,25.8,27.5,27.8,22.9,24.8,26.8,23.0,28.8,27.4,23.2,22.7,23.8,23.7,22.7,23.2,23.7,21.7,23.9,22.6,27.5,24.0,32.0,24.0,24.0,-9.108227355307477,-27.08508959765581
73.717,25.9,27.6,27.9,23.0,24.8,26.9,23.0,28.9,27.4,23.3,22.7,23.9,23.8,22.9,23.3,23.8,21.7,24.1,22.6,27.5,23.9,33.0,24.0,24.0,-9.108227355307477,-27.17096810548853
74.391,26.0,27.6,28.0,23.0,24.9,26.9,23.1,28.9,27.4,23.3,22.7,23.9,23.8,22.8,23.3,23.7,21.7,24.1,22.7,27.5,23.9,33.0,24.0,24.0,-9.108227355307477,-29.320635636199608
75.065,26.0,27.7,28.0,23.0,24.9,26.9,23.1,28.9,27.5,23.3,22.7,23.9,23.8,22.9,23.4,23.9,21.8,24.0,22.8,27.5,23.7,33.0,24.0,24.0,-9.306514404360106,-29.234757128366887
75.739,26.0,27.7,28.1,23.0,24.9,26.9,23.1,29.0,27.5,23.3,22.7,23.9,23.8,22.8,23.3,23.8,21.8,24.0,22.7,27.5,23.7,33.0,24.0,24.0,-9.306514404360106,-29.234757128366887
76.414,26.1,27.7,28.1,23.0,25.0,26.9,23.1,29.0,27.5,23.3,22.7,24.0,23.9,23.0,23.5,23.9,21.8,23.9,22.7,27.5,23.7,33.0,24.0,25.0,-9.108227355307477,-29.320635636199608
77.088,26.1,27.8,28.2,23.0,25.0,26.9,23.1,29.0,27.5,23.3,22.8,24.0,23.9,23.0,23.5,23.9,21.8,24.1,22.9,27.7,23.8,33.0,24.0,24.0,-9.108227355307477,-29.234757128366887
77.763,26.2,27.8,28.2,23.1,25.0,27.0,23.1,29.1,27.5,23.4,22.8,24.0,23.9,23.0,23.4,23.9,21.8,24.1,22.8,27.8,23.5,33.0,24.0,25.0,-9.108227355307477,-29.234757128366887
78.437,26.2,27.9,28.3,23.0,25.1,27.0,23.2,29.1,27.6,23.5,22.8,24.0,23.9,23.1,23.5,23.9,21.7,24.2,22.8,27.7,23.3,33.0,24.0,24.0,-9.108227355307477,-29.234757128366887
79.112,26.3,27.9,28.3,23.1,25.0,27.0,23.2,29.1,27.6,23.4,22.8,24.1,24.0,23.0,23.5,23.9,21.9,24.2,22.9,27.8,23.1,33.0,24.0,25.0,-8.910459382299505,-29.234757128366887
79.788,26.3,28.0,28.4,23.1,25.1,27.0,23.2,29.2,27.6,23.4,22.8,24.1,24.0,23.0,23.5,23.8,21.9,24.3,23.0,27.7,23.1,33.0,24.0,25.0,-9.108227355307477,-29.234757128366887
80.462,26.3,28.0,28.4,23.1,25.1,27.1,23.2,29.2,27.6,23.5,22.9,24.1,24.0,23.0,23.5,23.9,21.8,24.3,22.9,27.8,23.3,33.0,24.0,25.0,-9.108227355307477,-29.234757128366887
81.138,26.4,28.1,28.4,23.2,25.1,27.1,23.3,29.3,27.6,23.5,22.9,24.2,24.0,23.0,23.5,24.1,21.8,24.2,22.9,27.7,23.5,34.0,24.0,25.0,-9.108227355307477,-29.234757128366887
81.813,26.4,28.1,28.5,23.2,25.2,27.1,23.3,29.3,27.6,23.5,22.9,24.2,24.1,23.1,23.6,24.1,21.8,24.3,23.0,27.8,23.5,34.0,24.0,25.0,-9.306514404360106,-29.234757128366887
82.487,26.5,28.1,28.5,23.2,25.2,27.1,23.3,29.3,27.7,23.6,22.9,24.2,24.1,23.0,23.6,24.2,21.9,24.3,22.9,27.9,23.5,34.0,24.0,25.0,-9.306514404360106,-29.234757128366887
83.163,26.5,28.2,28.6,23.2,25.2,27.1,23.3,29.4,27.7,23.6,22.9,24.2,24.1,23.0,23.5,24.1,21.8,24.3,23.0,27.8,23.5,34.0,24.0,25.0,-9.306514404360106,-29.148653217626528
83.837,26.6,28.2,28.6,23.2,25.3,27.2,23.3,29.4,27.7,23.6,23.0,24.2,24.1,23.2,23.6,24.3,22.0,24.4,23.0,28.0,23.7,34.0,24.0,25.0,-9.306514404360106,-29.148653217626528
84.511,26.6,28.3,28.7,23.3,25.3,27.2,23.3,29.4,27.7,23.6,23.0,24.2,24.2,23.1,23.5,24.1,21.9,24.3,23.0,28.0,23.8,34.0,24.0,25.0,-9.306514404360106,-29.234757128366887
85.187,26.6,28.3,28.7,23.3,25.3,27.2,23.3,29.5,27.7,23.6,23.0,24.3,24.2,23.2,23.6,24.2,21.9,24.3,23.0,28.0,23.9,34.0,25.0,25.0,-9.306514404360106,-29.234757128366887
85.862,26.7,28.4,28.8,23.3,25.3,27.2,23.4,29.5,27.8,23.7,23.0,24.3,24.2,23.2,23.7,24.2,22.0,24.5,23.1,27.9,23.9,34.0,25.0,25.0,-9.306514404360106,-29.234757128366887
86.535,26.7,28.4,28.8,23.3,25.4,27.2,23.4,29.6,27.8,23.7,23.0,24.3,24.2,23.2,23.6,24.2,22.0,24.5,23.1,28.1,24.0,34.0,25.0,25.0,-9.504282377368225,-29.148653217626528
87.211,26.8,28.5,28.9,23.3,25.4,27.2,23.4,29.6,27.8,23.7,23.0,24.4,24.3,23.2,23.7,24.3,22.1,24.5,23.0,28.1,24.0,34.0,25.0,25.0,-9.504282377368225,-29.234757128366887
87.886,26.8,28.5,28.9,23.4,25.4,27.3,23.4,29.6,27.8,23.8,23.1,24.4,24.3,23.2,23.7,24.4,22.1,24.5,23.1,28.1,24.1,34.0,25.0,25.0,-9.306514404360106,-29.148653217626528
88.561,26.9,28.5,29.0,23.4,25.4,27.3,23.4,29.6,27.8,23.9,23.1,24.4,24.3,23.2,23.8,24.4,22.0,24.6,23.1,28.2,24.1,34.0,25.0,25.0,-9.504282377368225,-29.148653217626528
89.236,26.9,28.6,29.0,23.4,25.5,27.3,23.5,29.7,27.8,23.8,23.1,24.5,24.3,23.3,23.8,24.4,22.1,24.6,23.1,28.1,24.1,34.0,25.0,25.0,-9.108227355307477,-29.148653217626528
89.909,26.9,28.6,29.1,23.4,25.5,27.3,23.5,29.7,27.9,23.8,23.1,24.5,24.4,23.3,23.8,24.5,22.0,24.6,23.1,28.1,24.1,34.0,25.0,25.0,-9.306514404360106,-29.148653217626528
90.583,27.0,28.7,29.1,23.5,25.5,27.3,23.5,29.7,27.9,23.8,23.1,24.5,24.4,23.3,23.8,24.6,22.0,24.8,23.3,28.2,24.1,34.0,25.0,25.0,-9.306514404360106,-31.298320748337606
91.258,27.0,28.7,29.1,23.5,25.6,27.4,23.5,29.8,27.9,23.9,23.1,24.5,24.4,23.3,23.8,24.4,22.0,24.7,23.2,28.2,24.0,34.0,25.0,25.0,-9.306514404360106,-31.21221683759712
91.932,27.1,28.7,29.2,23.5,25.6,27.4,23.6,29.8,27.9,23.9,23.2,24.5,24.4,23.3,23.9,24.3,22.1,24.6,23.2,28.2,24.0,34.0,25.0,25.0,-9.504282377368225,-31.298320748337606
92.607,27.1,28.7,29.3,23.5,25.6,27.4,23.6,29.8,27.9,23.9,23.2,24.6,24.5,23.3,23.8,24.2,22.0,24.8,23.3,28.2,24.1,34.0,25.0,25.0,-8.712172333246727,-31.298320748337606
93.283,27.1,28.8,29.3,23.5,25.7,27.4,23.6,29.9,28.0,23.9,23.2,24.6,24.5,23.5,23.9,24.4,22.1,24.8,23.3,28.3,23.8,34.0,25.0,25.0,-8.118349338178007,-31.298320748337606
93.958,27.2,28.9,29.3,23.6,25.7,27.4,23.6,29.9,28.0,23.9,23.2,24.6,24.5,23.3,23.9,24.3,22.1,24.7,23.3,28.3,23.8,34.0,25.0,25.0,-8.712172333246727,-31.298320748337606
94.634,27.2,28.9,29.4,23.6,25.7,27.5,23.6,29.9,28.0,23.9,23.3,24.6,24.5,23.5,23.9,24.3,22.0,24.8,23.3,28.4,23.7,34.0,25.0,25.0,-7.524526343109137,-31.298320748337606
95.307,27.2,28.9,29.4,23.6,25.7,27.5,23.6,29.9,28.0,23.9,23.3,24.7,24.5,23.4,23.9,24.4,22.1,24.8,23.3,28.4,23.5,35.0,25.0,25.0,-8.118349338178007,-31.298320748337606
95.981,27.3,29.0,29.5,23.6,25.7,27.5,23.6,30.0,28.0,23.9,23.3,24.7,24.6,23.4,24.0,24.3,22.1,24.8,23.3,28.4,23.4,35.0,25.0,25.0,-7.326239294056507,-31.384199256170323
96.655,27.3,29.0,29.5,23.6,25.8,27.5,23.7,30.0,28.1,24.0,23.3,24.7,24.6,23.5,24.0,24.4,22.1,24.8,23.3,28.4,23.3,35.0,25.0,25.0,-6.732416298987786,-31.384199256170323
97.329,27.4,29.0,29.5,23.6,25.8,27.5,23.7,30.0,28.1,24.0,23.3,24.7,24.6,23.5,24.0,24.7,22.2,24.9,23.5,28.4,23.5,35.0,25.0,25.0,-6.732416298987786,-31.298320748337606
98.004,27.4,29.1,29.6,23.7,25.8,27.5,23.7,30.1,28.1,24.1,23.3,24.8,24.6,23.5,24.0,24.7,22.2,24.9,23.5,28.4,23.6,35.0,25.0,25.0,-5.940306254866288,-31.384199256170323
98.678,27.4,29.1,29.6,23.7,25.8,27.6,23.7,30.1,28.1,24.1,23.4,24.8,24.7,23.5,24.0,24.7,22.3,24.9,23.4,28.4,23.9,35.0,25.0,25.0,-5.940306254866288,-31.298320748337606
99.352,27.5,29.2,29.6,23.7,25.9,27.6,23.7,30.1,28.1,24.1,23.4,24.8,24.7,23.6,24.1,24.7,22.1,24.9,23.5,28.5,23.7,35.0,25.0,25.0,-6.1380742278742595,-31.298320748337606
100.026,27.5,29.2,29.7,23.7,25.9,27.6,23.8,30.2,28.2,24.2,23.4,24.8,24.7,23.5,24.0,24.8,22.3,25.0,23.5,28.5,23.9,35.0,25.0,25.0,-5.940306254866288,-31.298320748337606
100.699,27.6,29.3,29.7,23.8,25.9,27.6,23.8,30.2,28.1,24.2,23.4,24.8,24.7,23.5,24.1,24.7,22.3,25.0,23.5,28.5,23.9,35.0,25.0,26.0,-5.74201920581351,-31.21221683759712
101.373,27.6,29.3,29.8,23.8,26.0,27.6,23.8,30.2,28.2,24.2,23.4,24.9,24.8,23.7,24.2,24.6,22.3,24.9,23.5,28.5,24.0,35.0,25.0,25.0,-5.544251232805538,-31.384199256170323
102.049,27.6,29.3,29.8,23.8,26.0,27.6,23.8,30.3,28.2,24.2,23.5,24.9,24.8,23.6,24.1,24.7,22.3,24.9,23.4,28.7,24.1,35.0,25.0,26.0,-5.544251232805538,-31.298320748337606
102.723,27.7,29.3,29.9,23.8,26.0,27.7,23.8,30.3,28.2,24.3,23.5,24.9,24.8,23.6,24.2,24.8,22.3,25.0,23.5,28.7,24.2,35.0,25.0,26.0,-4.158318193615318,-31.384199256170323
103.397,27.7,29.4,29.9,23.9,26.0,27.7,23.9,30.3,28.2,24.3,23.5,24.9,24.8,23.6,24.1,24.7,22.3,25.1,23.5,28.7,24.3,35.0,25.0,26.0,-3.960031144562541,-31.298320748337606
104.071,27.8,29.4,30.0,23.9,26.1,27.7,23.9,30.3,28.3,24.3,23.5,25.0,24.8,23.7,24.3,24.8,22.3,25.0,23.6,28.7,24.3,35.0,25.0,26.0,-3.960031144562541,-31.298320748337606
104.745,27.8,29.5,30.0,23.9,26.1,27.7,23.9,30.4,28.3,24.3,23.5,25.0,24.9,23.7,24.2,24.8,22.3,25.0,23.6,28.7,24.5,35.0,25.0,26.0,-3.960031144562541,-31.21221683759712
105.419,27.8,29.5,30.0,23.9,26.1,27.7,23.9,30.4,28.3,24.3,23.5,25.0,24.9,23.7,24.3,24.9,22.3,25.2,23.6,28.7,24.4,35.0,25.0,26.0,-4.158318193615318,-31.298320748337606
106.093,27.9,29.6,30.1,23.9,26.1,27.8,23.9,30.4,28.3,24.3,23.6,25.0,24.9,23.7,24.2,24.9,22.3,25.2,23.7,28.7,24.3,35.0,25.0,26.0,-3.7622631715545687,-31.298320748337606
106.767,27.9,29.6,30.1,23.9,26.2,27.8,23.9,30.5,28.4,24.4,23.6,25.1,24.9,23.8,24.3,25.0,22.4,25.2,23.7,28.7,24.1,35.0,25.0,26.0,-3.960031144562541,-31.21221683759712
107.441,27.9,29.6,30.2,23.9,26.2,27.8,24.0,30.5,28.4,24.4,23.6,25.1,25.0,23.8,24.3,25.1,22.4,25.1,23.7,28.7,24.0,35.0,25.0,26.0,-3.7622631715545687,-31.298320748337606
108.115,28.0,29.6,30.2,24.0,26.2,27.8,24.0,30.5,28.4,24.4,23.6,25.1,25.0,23.8,24.3,25.1,22.4,25.1,23.7,28.9,23.7,35.0,26.0,26.0,-3.960031144562541,-31.470303166910814
108.79,28.0,29.7,30.3,24.0,26.3,27.8,24.0,30.5,28.4,24.4,23.6,25.1,25.0,23.8,24.2,25.1,22.4,25.2,23.7,28.8,23.7,35.0,26.0,26.0,-3.960031144562541,-31.298320748337606
109.464,28.1,29.7,30.3,24.0,26.3,27.8,24.0,30.6,28.4,24.5,23.6,25.1,25.0,23.8,24.3,25.0,22.5,25.2,23.7,28.9,23.6,35.0,26.0,26.0,-3.960031144562541,-31.298320748337606
110.14,28.1,29.8,30.3,24.0,26.3,27.9,24.0,30.6,28.4,24.5,23.6,25.1,25.1,23.8,24.3,25.0,22.5,25.2,23.7,28.8,23.6,35.0,26.0,26.0,-3.960031144562541,-31.298320748337606
110.815,28.1,29.8,30.4,24.0,26.3,27.9,24.1,30.6,28.5,24.5,23.7,25.1,25.1,23.8,24.3,24.9,22.5,25.3,23.7,28.9,23.7,35.0,26.0,26.0,-3.7622631715545687,-31.298320748337606
111.489,28.2,29.8,30.4,24.1,26.3,27.9,24.1,30.6,28.5,24.5,23.7,25.2,25.1,23.8,24.2,24.8,22.4,25.2,23.7,28.8,23.6,35.0,26.0,26.0,-3.7622631715545687,-31.298320748337606
112.163,28.2,29.9,30.5,24.1,26.3,27.9,24.1,30.6,28.5,24.5,23.7,25.2,25.1,23.8,24.2,24.8,22.5,25.2,23.7,28.9,23.6,35.0,26.0,26.0,-3.960031144562541,-31.298320748337606
112.837,28.3,29.9,30.5,24.1,26.4,27.9,24.1,30.7,28.5,24.5,23.7,25.2,25.1,23.9,24.4,24.9,22.4,25.3,23.8,28.9,23.5,35.0,26.0,26.0,-3.960031144562541,-31.298320748337606
113.513,28.3,29.9,30.5,24.1,26.4,27.9,24.2,30.7,28.6,24.5,23.7,25.2,25.1,23.8,24.3,24.8,22.5,25.3,23.7,29.0,23.7,35.0,26.0,26.0,-3.960031144562541,-31.298320748337606
114.187,28.3,30.0,30.6,24.1,26.4,27.9,24.1,30.7,28.6,24.5,23.8,25.2,25.2,23.9,24.3,24.8,22.4,25.4,23.8,29.0,23.7,35.0,26.0,26.0,-3.960031144562541,-31.21221683759712
114.861,28.4,30.0,30.6,24.2,26.5,28.0,24.2,30.8,28.6,24.6,23.8,25.3,25.2,23.9,24.4,25.0,22.6,25.5,23.9,29.0,23.7,35.0,26.0,26.0,-3.960031144562541,-31.21221683759712
115.535,28.4,30.0,30.7,24.2,26.5,28.0,24.2,30.8,28.6,24.6,23.8,25.3,25.2,23.9,24.4,25.0,22.5,25.4,23.9,29.1,23.8,35.0,26.0,26.0,-4.158318193615318,-31.21221683759712
116.21,28.4,30.1,30.7,24.2,26.5,28.0,24.2,30.8,28.7,24.6,23.8,25.3,25.2,23.9,24.4,25.0,22.5,25.4,23.8,29.0,23.9,35.0,26.0,26.0,-3.960031144562541,-31.21221683759712
116.884,28.5,30.1,30.7,24.2,26.5,28.0,24.2,30.8,28.7,24.6,23.8,25.3,25.2,23.9,24.4,25.0,22.5,25.4,23.9,29.0,24.1,35.0,26.0,26.0,-3.960031144562541,-31.298320748337606
117.56,28.5,30.2,30.8,24.2,26.6,28.0,24.2,30.9,28.7,24.7,23.8,25.4,25.3,23.9,24.4,24.8,22.5,25.5,23.8,29.0,24.2,35.0,26.0,26.0,-3.7622631715545687,-31.298320748337606
118.234,28.5,30.2,30.8,24.2,26.6,28.1,24.2,30.9,28.7,24.7,23.9,25.4,25.3,24.0,24.3,25.1,22.6,25.5,24.0,29.1,24.2,36.0,26.0,26.0,-4.158318193615318,-31.298320748337606
118.908,28.6,30.2,30.9,24.3,26.6,28.1,24.3,30.9,28.7,24.8,23.9,25.4,25.3,23.9,24.4,25.0,22.6,25.6,24.0,29.1,24.3,36.0,26.0,26.0,-3.563976122501939,-31.21221683759712
119.584,28.6,30.3,30.9,24.3,26.6,28.1,24.3,30.9,28.7,24.7,23.9,25.4,25.3,24.1,24.5,25.1,22.6,25.6,23.9,29.1,24.5,36.0,26.0,26.0,-2.5740981053723204,-31.21221683759712
120.258,28.7,30.3,30.9,24.3,26.6,28.1,24.3,31.0,28.7,24.7,23.9,25.4,25.4,24.1,24.6,25.1,22.6,25.6,24.0,29.2,24.5,36.0,26.0,27.0,-2.375811056319691,-31.298320748337606
120.935,28.7,30.3,31.0,24.3,26.7,28.1,24.3,31.0,28.7,24.8,23.9,25.4,25.4,24.1,24.6,25.2,22.6,25.5,24.1,29.2,24.4,36.0,26.0,26.0,-1.9797560342589415,-31.21221683759712
121.609,28.7,30.4,31.0,24.3,26.7,28.1,24.4,31.0,28.8,24.8,23.9,25.5,25.4,24.1,24.6,25.2,22.7,25.5,24.0,29.1,24.2,36.0,26.0,27.0,-1.9797560342589415,-31.384199256170323
122.284,28.7,30.4,31.0,24.4,26.7,28.1,24.4,31.0,28.8,24.8,24.0,25.5,25.4,24.1,24.6,25.3,22.6,25.7,24.0,29.2,24.3,36.0,26.0,27.0,-1.1881650661821006,-31.298320748337606
122.959,28.8,30.4,31.1,24.4,26.8,28.2,24.4,31.0,28.8,24.8,24.0,25.5,25.4,24.2,24.6,25.2,22.6,25.7,24.1,29.2,24.3,36.0,26.0,27.0,-1.7819880612509695,-31.298320748337606
123.632,28.8,30.5,31.1,24.4,26.8,28.2,24.4,31.1,28.8,24.8,24.0,25.5,25.4,24.2,24.7,25.3,22.7,25.8,24.0,29.2,24.1,36.0,26.0,27.0,-1.1881650661821006,-31.298320748337606
124.305,28.9,30.5,31.2,24.4,26.8,28.2,24.5,31.1,28.8,24.8,24.0,25.6,25.5,24.2,24.6,25.3,22.6,25.7,24.1,29.2,24.1,36.0,26.0,27.0,-1.1881650661821006,-31.298320748337606
124.979,28.9,30.5,31.2,24.4,26.8,28.2,24.4,31.1,28.9,24.8,24.0,25.6,25.5,24.1,24.6,25.3,22.7,25.7,24.1,29.2,23.9,36.0,26.0,27.0,-0.39605502206060184,-31.298320748337606
125.655,28.9,30.6,31.2,24.5,26.8,28.2,24.4,31.1,28.9,24.9,24.1,25.6,25.5,24.1,24.5,25.2,22.8,25.5,24.1,29.3,24.1,36.0,26.0,27.0,-0.39605502206060184,-31.21221683759712
126.329,29.0,30.6,31.2,24.5,26.9,28.2,24.5,31.1,28.9,24.9,24.1,25.6,25.5,24.2,24.6,25.2,22.7,25.8,24.2,29.3,24.1,36.0,26.0,27.0,0.7921100441214987,-31.298320748337606
127.002,29.0,30.6,31.3,24.5,26.9,28.3,24.5,31.2,28.9,25.0,24.1,25.6,25.5,24.2,24.7,25.2,22.7,25.8,24.1,29.3,24.0,36.0,26.0,27.0,0.990397093174276,-31.21221683759712
127.677,29.0,30.6,31.3,24.5,26.9,28.3,24.5,31.2,29.0,25.0,24.1,25.7,25.6,24.2,24.7,25.1,22.8,25.8,24.2,29.3,24.0,36.0,26.0,27.0,0.7921100441214987,-31.21221683759712
128.352,29.0,30.7,31.4,24.5,26.9,28.3,24.5,31.2,29.0,25.0,24.1,25.7,25.6,24.2,24.7,25.1,22.7,25.7,24.1,29.3,24.0,36.0,26.0,27.0,1.3864521152348779,-31.21221683759712
129.026,29.1,30.7,31.4,24.5,26.9,28.3,24.5,31.2,29.0,25.0,24.2,25.7,25.6,24.2,24.7,25.3,22.8,25.7,24.2,29.3,24.0,36.0,27.0,27.0,1.3864521152348779,-31.298320748337606
129.699,29.1,30.7,31.4,24.6,27.0,28.4,24.5,31.2,29.0,25.0,24.2,25.7,25.6,24.2,24.6,25.3,22.7,25.8,24.2,29.5,24.0,36.0,27.0,27.0,1.3864521152348779,-31.126338329764398
130.374,29.2,30.8,31.5,24.6,27.0,28.4,24.6,31.3,29.0,25.1,24.2,25.7,25.7,24.2,24.7,25.5,22.8,25.8,24.2,29.3,24.0,36.0,27.0,27.0,1.3864521152348779,-31.21221683759712
131.048,29.2,30.8,31.5,24.6,27.0,28.4,24.6,31.3,29.0,25.1,24.2,25.7,25.7,24.2,24.8,25.4,22.8,25.9,24.3,29.5,24.2,36.0,27.0,27.0,1.3864521152348779,-31.21221683759712
131.722,29.2,30.8,31.5,24.6,27.1,28.4,24.6,31.3,29.0,25.1,24.2,25.8,25.7,24.2,24.8,25.4,22.9,25.8,24.3,29.5,24.3,36.0,27.0,27.0,1.188165066182248,-31.21221683759712
132.395,29.3,30.8,31.6,24.6,27.1,28.4,24.6,31.3,29.1,25.1,24.2,25.8,25.7,24.3,24.8,25.5,22.9,25.9,24.2,29.4,24.5,36.0,27.0,27.0,1.3864521152348779,-31.21221683759712
133.069,29.3,30.9,31.6,24.7,27.1,28.4,24.6,31.4,29.1,25.1,24.2,25.8,25.7,24.3,24.8,25.5,22.9,25.9,24.3,29.3,24.5,36.0,27.0,27.0,1.3864521152348779,-31.126338329764398
133.744,29.3,30.9,31.6,24.7,27.1,28.4,24.7,31.4,29.1,25.1,24.3,25.8,25.7,24.3,24.9,25.4,22.8,25.9,24.2,29.4,24.6,36.0,27.0,27.0,1.3864521152348779,-31.21221683759712
134.417,29.3,30.9,31.6,24.7,27.2,28.4,24.7,31.4,29.1,25.2,24.3,25.8,25.8,24.3,24.8,25.5,22.9,25.9,24.3,29.5,24.5,36.0,27.0,27.0,1.188165066182248,-31.21221683759712
135.091,29.4,31.0,31.7,24.7,27.2,28.5,24.7,31.5,29.1,25.2,24.3,25.9,25.8,24.4,24.9,25.7,23.0,26.0,24.3,29.5,24.5,36.0,27.0,27.0,1.3864521152348779,-31.21221683759712
135.764,29.4,31.0,31.7,24.7,27.2,28.5,24.7,31.5,29.1,25.2,24.3,25.9,25.8,24.4,24.9,25.7,23.0,25.9,24.3,29.6,24.3,36.0,27.0,27.0,1.3864521152348779,-31.126338329764398
136.439,29.4,31.0,31.8,24.8,27.2,28.5,24.7,31.5,29.2,25.2,24.4,25.9,25.8,24.4,24.8,25.7,22.9,25.9,24.3,29.5,24.4,36.0,27.0,27.0,1.3864521152348779,-31.21221683759712
137.113,29.5,31.1,31.8,24.8,27.2,28.5,24.7,31.5,29.2,25.2,24.3,25.9,25.9,24.4,24.9,25.6,23.0,25.9,24.2,29.7,24.3,36.0,27.0,27.0,1.3864521152348779,-31.126338329764398
137.788,29.5,31.1,31.8,24.8,27.3,28.6,24.8,31.5,29.2,25.3,24.4,25.9,25.9,24.5,25.0,25.6,22.9,25.9,24.3,29.6,24.2,36.0,27.0,27.0,1.3864521152348779,-31.21221683759712
138.462,29.5,31.1,31.9,24.8,27.3,28.5,24.8,31.6,29.2,25.3,24.4,26.0,25.9,24.5,25.0,25.6,23.0,26.1,24.4,29.7,24.2,36.0,27.0,27.0,1.3864521152348779,-31.21221683759712
139.137,29.6,31.2,31.9,24.8,27.3,28.6,24.8,31.6,29.2,25.2,24.4,26.0,25.9,24.5,24.9,25.5,23.0,26.0,24.3,29.6,24.1,36.0,27.0,27.0,1.5842200882429973,-31.21221683759712
139.813,29.6,31.2,31.9,24.8,27.3,28.6,24.8,31.6,29.3,25.3,24.4,26.0,25.9,24.5,24.9,25.6,23.1,26.0,24.4,29.6,24.1,36.0,27.0,27.0,1.188165066182248,-31.21221683759712
140.488,29.6,31.2,32.0,24.9,27.3,28.6,24.8,31.6,29.3,25.3,24.5,26.0,25.9,24.4,24.9,25.6,23.0,26.0,24.3,29.6,24.0,36.0,27.0,27.0,1.3864521152348779,-31.21221683759712
141.162,29.6,31.2,32.0,24.9,27.4,28.6,24.8,31.6,29.3,25.3,24.5,26.0,25.9,24.5,24.9,25.6,23.0,26.0,24.4,29.7,24.0,36.0,27.0,27.0,1.188165066182248,-31.21221683759712
141.836,29.7,31.3,32.0,24.9,27.4,28.6,24.8,31.6,29.3,25.4,24.5,26.0,26.0,24.4,24.9,25.7,23.0,26.1,24.3,29.7,24.1,36.0,27.0,27.0,1.188165066182248,-31.21221683759712
142.51,29.7,31.3,32.0,24.9,27.4,28.7,24.9,31.6,29.3,25.4,24.5,26.1,26.0,24.6,25.0,25.7,23.0,26.0,24.3,29.7,24.1,36.0,27.0,28.0,1.3864521152348779,-31.21221683759712
143.185,29.7,31.3,32.1,24.9,27.4,28.7,24.9,31.7,29.3,25.3,24.5,26.1,26.0,24.7,25.0,25.6,23.0,26.1,24.4,29.8,24.2,36.0,27.0,27.0,1.3864521152348779,-31.126338329764398
143.859,29.8,31.4,32.1,24.9,27.5,28.7,24.9,31.7,29.3,25.4,24.5,26.1,26.0,24.6,25.0,25.6,23.0,26.1,24.3,29.8,24.1,36.0,27.0,27.0,1.3864521152348779,-31.21221683759712
144.533,29.8,31.4,32.1,24.9,27.5,28.7,24.9,31.7,29.3,25.4,24.5,26.1,26.0,24.5,25.1,25.5,23.0,26.2,24.5,29.8,24.3,36.0,27.0,27.0,1.188165066182248,-31.126338329764398
145.209,29.8,31.4,32.2,25.0,27.5,28.7,24.9,31.7,29.4,25.4,24.6,26.1,26.1,24.6,24.9,25.5,23.1,26.1,24.6,29.7,24.3,36.0,27.0,27.0,1.3864521152348779,-31.126338329764398
145.883,29.9,31.5,32.2,25.0,27.5,28.7,24.9,31.8,29.4,25.5,24.6,26.2,26.1,24.6,25.1,25.5,23.1,26.2,24.5,29.7,24.4,36.0,27.0,28.0,1.5842200882429973,-31.21221683759712
146.558,29.9,31.5,32.2,25.0,27.5,28.7,25.0,31.8,29.4,25.5,24.6,26.2,26.1,24.7,24.9,25.6,23.1,26.1,24.5,29.8,24.4,36.0,27.0,28.0,1.3864521152348779,-31.21221683759712
147.234,29.9,31.5,32.3,25.0,27.5,28.7,25.0,31.8,29.4,25.5,24.6,26.2,26.1,24.6,25.2,25.6,23.0,26.2,24.5,29.8,24.5,36.0,27.0,28.0,1.3864521152348779,-31.21221683759712
147.907,30.0,31.5,32.3,25.0,27.6,28.7,25.0,31.8,29.4,25.5,24.6,26.2,26.1,24.7,25.0,25.6,23.1,26.2,24.5,29.9,24.6,36.0,27.0,28.0,1.5842200882429973,-31.21221683759712
148.581,30.0,31.6,32.3,25.1,27.6,28.8,25.0,31.8,29.5,25.5,24.6,26.2,26.2,24.8,25.1,25.7,23.0,26.2,24.6,29.9,24.6,36.0,27.0,28.0,1.5842200882429973,-31.21221683759712
149.255,30.0,31.6,32.4,25.1,27.6,28.8,25.0,31.9,29.5,25.5,24.7,26.3,26.2,24.8,25.1,25.6,23.1,26.3,24.6,29.9,24.7,37.0,27.0,28.0,1.5842200882429973,-31.21221683759712
149.931,30.1,31.6,32.4,25.1,27.6,28.8,25.1,31.9,29.5,25.6,24.7,26.3,26.2,24.7,25.2,25.6,23.0,26.3,24.6,29.9,24.6,37.0,27.0,28.0,1.9802751103037468,-31.21221683759712
150.604,30.1,31.7,32.4,25.1,27.7,28.8,25.1,31.9,29.5,25.5,24.7,26.3,26.2,24.7,25.2,25.6,23.1,26.3,24.6,29.9,24.5,37.0,27.0,28.0,2.7723851544252454,-31.21221683759712
151.279,30.1,31.7,32.4,25.1,27.7,28.8,25.1,31.9,29.5,25.6,24.7,26.3,26.2,24.8,25.1,25.6,23.2,26.3,24.6,29.9,24.5,37.0,27.0,28.0,3.1684401764859946,-31.21221683759712
151.962,30.1,31.7,32.5,25.1,27.7,28.9,25.1,31.9,29.6,25.6,24.7,26.3,26.2,24.8,25.1,25.7,23.2,26.3,24.6,30.0,24.5,37.0,27.0,28.0,3.5644951985465965,-31.126338329764398
152.636,30.2,31.7,32.5,25.1,27.7,28.9,25.1,31.9,29.6,25.6,24.8,26.3,26.2,24.8,25.2,25.8,23.2,26.3,24.6,29.9,24.3,37.0,27.0,28.0,3.5644951985465965,-31.126338329764398
153.31,30.2,31.7,32.5,25.2,27.8,28.9,25.2,32.0,29.6,25.6,24.8,26.3,26.3,24.8,25.2,25.8,23.2,26.3,24.7,29.8,23.8,37.0,27.0,28.0,3.366208149493967,-31.126338329764398
153.984,30.2,31.8,32.5,25.2,27.8,28.9,25.2,32.0,29.6,25.6,24.8,26.3,26.3,24.9,25.4,25.7,23.1,26.3,24.6,29.8,23.5,37.0,27.0,28.0,3.366208149493967,-31.21221683759712
154.659,30.3,31.8,32.6,25.2,27.8,28.9,25.1,32.0,29.6,25.7,24.8,26.4,26.3,24.8,25.3,25.7,23.2,26.3,24.6,29.9,23.5,37.0,27.0,28.0,3.5644951985465965,-31.126338329764398
155.334,30.3,31.8,32.6,25.2,27.8,28.9,25.2,32.0,29.6,25.7,24.8,26.4,26.3,24.8,25.3,25.8,23.3,26.4,24.7,29.9,23.4,37.0,27.0,28.0,3.960550220607346,-31.126338329764398
156.009,30.3,31.8,32.6,25.2,27.8,28.9,25.2,32.0,29.6,25.7,24.8,26.4,26.3,24.9,25.3,25.8,23.1,26.3,24.7,29.8,23.6,37.0,27.0,28.0,4.554373215676215,-31.04023441902391
156.684,30.3,31.9,32.6,25.2,27.8,29.0,25.2,32.1,29.7,25.7,24.8,26.4,26.3,24.9,25.3,25.7,23.2,26.4,24.6,30.0,23.7,37.0,27.0,28.0,4.950428237736964,-31.04023441902391
157.358,30.4,31.9,32.7,25.3,27.9,29.0,25.2,32.1,29.7,25.7,24.9,26.4,26.3,24.9,25.2,25.8,23.2,26.4,24.7,30.0,23.8,37.0,27.0,28.0,6.5346483259798145,-31.04023441902391
158.033,30.4,31.9,32.7,25.3,27.9,29.0,25.3,32.1,29.7,25.7,24.9,26.5,26.4,24.9,25.3,25.7,23.2,26.4,24.6,30.0,23.8,37.0,28.0,28.0,5.940306254866435,-28.890792291220475
158.709,30.4,32.0,32.7,25.3,27.9,29.0,25.3,32.1,29.7,25.7,24.9,26.5,26.4,24.9,25.3,25.7,23.2,26.4,24.7,30.0,23.9,37.0,28.0,28.0,6.5346483259798145,-28.890792291220475
159.384,30.4,32.0,32.8,25.3,27.9,29.0,25.3,32.1,29.7,25.8,24.9,26.5,26.4,24.9,25.3,25.7,23.2,26.4,24.7,30.0,24.0,37.0,28.0,28.0,6.5346483259798145,-28.890792291220475
160.06,30.5,32.0,32.8,25.3,27.9,29.0,25.3,32.1,29.7,25.8,24.9,26.5,26.4,25.0,25.3,25.7,23.2,26.4,24.7,30.1,24.1,37.0,28.0,28.0,6.732416298987934,-28.804688380480112
160.734,30.5,32.0,32.8,25.4,28.0,29.0,25.3,32.2,29.8,25.8,24.9,26.5,26.4,24.9,25.4,25.7,23.2,26.4,24.7,30.0,24.2,37.0,28.0,28.0,6.5346483259798145,-28.804688380480112
161.41,30.5,32.0,32.8,25.4,28.0,29.1,25.4,32.2,29.8,25.8,24.9,26.5,26.4,24.9,25.2,25.8,23.4,26.4,24.7,30.0,24.3,37.0,28.0,28.0,6.5346483259798145,-28.804688380480112
162.083,30.6,32.1,32.9,25.4,28.0,29.1,25.3,32.2,29.8,25.9,25.0,26.6,26.5,24.9,25.4,25.7,23.2,26.5,24.7,30.0,24.3,37.0,27.0,28.0,6.5346483259798145,-31.04023441902391
162.759,30.6,32.1,32.9,25.4,28.0,29.1,25.4,32.2,29.8,25.9,25.0,26.6,26.5,24.9,25.4,25.8,23.3,26.5,24.7,30.1,24.3,37.0,28.0,28.0,6.5346483259798145,-29.320635636199608
163.433,30.6,32.1,32.9,25.4,28.0,29.1,25.4,32.2,29.8,25.9,25.0,26.6,26.5,24.9,25.4,25.8,23.4,26.4,24.7,30.1,24.3,37.0,28.0,28.0,6.5346483259798145,-29.922461399752077
164.107,30.6,32.2,32.9,25.4,28.1,29.1,25.4,32.2,29.8,25.9,25.0,26.6,26.5,25.0,25.3,25.8,23.4,26.5,24.8,30.1,24.5,37.0,28.0,28.0,6.5346483259798145,-29.148653217626528
164.782,30.7,32.2,33.0,25.4,28.1,29.1,25.4,32.2,29.8,25.9,25.0,26.6,26.5,25.0,25.4,25.9,23.4,26.5,24.7,30.1,24.5,37.0,28.0,28.0,6.5346483259798145,-28.804688380480112
165.457,30.7,32.2,33.0,25.4,28.1,29.1,25.4,32.2,29.9,26.0,25.1,26.6,26.5,25.0,25.4,25.9,23.4,26.5,24.8,30.1,24.5,37.0,28.0,28.0,6.5346483259798145,-29.320635636199608
166.132,30.7,32.2,33.0,25.5,28.1,29.2,25.4,32.3,29.9,26.0,25.1,26.6,26.6,25.0,25.5,26.1,23.4,26.5,24.8,30.1,24.5,37.0,28.0,28.0,6.5346483259798145,-28.890792291220475
166.807,30.8,32.3,33.0,25.5,28.1,29.1,25.5,32.3,29.9,26.0,25.1,26.6,26.6,25.0,25.4,25.9,23.4,26.7,24.9,30.1,24.6,37.0,28.0,28.0,6.336361276927184,-28.804688380480112
167.482,30.8,32.3,33.1,25.5,28.1,29.2,25.5,32.3,29.9,26.0,25.1,26.7,26.6,25.1,25.5,26.1,23.4,26.7,24.9,30.1,24.6,37.0,28.0,28.0,6.732416298987934,-28.804688380480112
168.156,30.8,32.3,33.1,25.5,28.2,29.2,25.5,32.4,29.9,26.0,25.1,26.7,26.6,25.0,25.4,26.2,23.4,26.7,24.9,30.1,24.6,37.0,28.0,28.0,6.5346483259798145,-28.890792291220475
168.831,30.8,32.3,33.1,25.5,28.2,29.2,25.5,32.4,30.0,26.0,25.1,26.7,26.6,25.2,25.5,26.2,23.4,26.7,24.9,30.1,24.5,37.0,28.0,28.0,6.5346483259798145,-31.04023441902391
169.504,30.9,32.4,33.1,25.6,28.2,29.3,25.5,32.4,30.0,26.0,25.1,26.7,26.7,25.1,25.6,26.1,23.4,26.7,24.9,30.1,24.2,37.0,28.0,28.0,6.5346483259798145,-31.04023441902391
170.179,30.9,32.4,33.2,25.6,28.2,29.3,25.5,32.4,30.0,26.1,25.1,26.7,26.7,25.1,25.5,26.2,23.4,26.7,24.9,30.2,24.3,37.0,28.0,29.0,6.336361276927184,-31.04023441902391
170.855,30.9,32.4,33.2,25.6,28.3,29.3,25.5,32.4,30.0,26.1,25.2,26.8,26.7,25.0,25.4,26.1,23.4,26.7,24.9,30.2,24.0,37.0,28.0,28.0,6.5346483259798145,-28.890792291220475
171.529,30.9,32.4,33.2,25.6,28.3,29.3,25.6,32.5,30.0,26.1,25.1,26.8,26.7,25.0,25.5,26.1,23.4,26.6,24.9,30.2,23.9,37.0,28.0,28.0,7.1284713210485355,-28.890792291220475
172.205,30.9,32.5,33.2,25.6,28.3,29.3,25.6,32.5,30.0,26.1,25.2,26.8,26.7,25.1,25.5,26.1,23.4,26.7,24.9,30.2,23.7,37.0,28.0,28.0,7.1284713210485355,-28.804688380480112
172.878,30.9,32.5,33.3,25.7,28.3,29.3,25.6,32.5,30.0,26.1,25.2,26.8,26.8,25.2,25.5,26.2,23.4,26.7,24.9,30.2,23.7,37.0,28.0,29.0,8.712691409291534,-28.804688380480112
173.552,31.0,32.5,33.3,25.7,28.3,29.3,25.6,32.5,30.0,26.2,25.2,26.8,26.7,25.2,25.5,26.4,23.5,26.7,24.9,30.3,23.9,37.0,28.0,29.0,8.712691409291534,-28.804688380480112
174.227,31.0,32.5,33.3,25.7,28.4,29.3,25.6,32.5,30.1,26.2,25.2,26.8,26.8,25.1,25.5,26.4,23.5,26.6,24.9,30.2,23.9,37.0,28.0,28.0,9.306514404360254,-28.804688380480112
174.902,31.0,32.5,33.3,25.7,28.4,29.4,25.6,32.5,30.1,26.2,25.3,26.8,26.8,25.1,25.5,26.3,23.5,26.7,25.1,30.2,24.1,37.0,28.0,29.0,9.702569426421004,-28.890792291220475
175.576,31.0,32.5,33.4,25.7,28.4,29.3,25.7,32.5,30.1,26.2,25.3,26.9,26.8,25.2,25.7,26.3,23.5,26.8,25.0,30.2,24.1,37.0,28.0,29.0,9.90085647547378,-28.804688380480112
176.251,31.1,32.6,33.4,25.7,28.4,29.3,25.7,32.5,30.1,26.2,25.3,26.9,26.8,25.3,25.7,26.3,23.5,26.8,25.0,30.3,24.2,37.0,28.0,29.0,10.29691149753453,-28.804688380480112
176.927,31.1,32.6,33.4,25.7,28.4,29.4,25.7,32.6,30.1,26.2,25.3,26.9,26.8,25.2,25.6,26.2,23.5,26.7,25.0,30.2,24.3,37.0,28.0,29.0,9.702569426421004,-28.804688380480112
177.602,31.1,32.6,33.4,25.7,28.4,29.4,25.7,32.6,30.2,26.2,25.3,26.9,26.9,25.3,25.7,26.2,23.6,26.7,25.1,30.2,24.3,37.0,28.0,29.0,10.098624448481752,-28.890792291220475
178.276,31.2,32.7,33.5,25.8,28.5,29.4,25.7,32.6,30.2,26.2,25.3,26.9,26.9,25.2,25.7,26.2,23.5,26.7,25.0,30.2,24.3,37.0,28.0,29.0,9.90085647547378,-28.890792291220475
178.95,31.2,32.7,33.5,25.8,28.5,29.4,25.7,32.6,30.2,26.3,25.3,26.9,26.9,25.3,25.8,26.1,23.5,26.8,25.1,30.2,24.2,37.0,28.0,29.0,9.702569426421004,-28.804688380480112
179.624,31.2,32.7,33.5,25.8,28.5,29.4,25.7,32.6,30.2,26.3,25.4,26.9,26.9,25.3,25.7,26.2,23.5,26.8,25.1,30.3,24.3,37.0,28.0,29.0,10.692966519595132,-28.804688380480112
180.301,31.2,32.7,33.5,25.8,28.5,29.4,25.8,32.6,30.2,26.3,25.4,27.0,26.9,25.3,25.7,26.2,23.5,26.8,25.1,30.3,24.5,37.0,28.0,29.0,11.48507656371663,-28.890792291220475
180.976,31.2,32.8,33.5,25.8,28.5,29.4,25.8,32.7,30.2,26.3,25.4,27.0,26.9,25.3,25.7,26.2,23.6,26.8,25.1,30.4,24.7,37.0,28.0,29.0,12.0788995587855,-28.804688380480112
181.651,31.3,32.8,33.6,25.8,28.6,29.5,25.8,32.7,30.2,26.3,25.4,27.0,26.9,25.3,25.8,26.2,23.5,26.9,25.1,30.5,24.7,37.0,28.0,29.0,11.880612509732723,-28.890792291220475
182.325,31.3,32.8,33.6,25.9,28.6,29.5,25.8,32.7,30.3,26.3,25.4,27.0,26.9,25.3,25.8,26.2,23.6,26.9,25.2,30.4,24.7,37.0,28.0,29.0,11.880612509732723,-28.804688380480112
183.0,31.3,32.8,33.6,25.9,28.6,29.5,25.8,32.8,30.3,26.4,25.4,27.0,27.0,25.3,25.7,26.3,23.5,26.9,25.2,30.5,24.7,37.0,28.0,29.0,11.880612509732723,-28.804688380480112
183.674,31.4,32.9,33.6,25.9,28.6,29.5,25.8,32.8,30.3,26.4,25.4,27.0,27.0,25.4,25.7,26.2,23.5,26.9,25.1,30.5,24.6,37.0,28.0,29.0,11.880612509732723,-28.804688380480112
184.35,31.4,32.9,33.7,25.9,28.6,29.5,25.8,32.8,30.3,26.4,25.4,27.1,27.0,25.3,25.7,26.3,23.6,26.9,25.1,30.5,24.7,37.0,28.0,29.0,12.0788995587855,-28.890792291220475
185.025,31.4,32.9,33.7,25.9,28.7,29.6,25.9,32.8,30.3,26.4,25.5,27.1,27.0,25.3,25.8,26.4,23.7,26.8,25.1,30.5,24.6,37.0,28.0,29.0,12.0788995587855,-28.804688380480112
185.7,31.4,32.9,33.7,25.9,28.7,29.6,25.9,32.8,30.3,26.5,25.5,27.1,27.0,25.3,25.8,26.4,23.7,27.0,25.2,30.4,24.2,37.0,28.0,29.0,11.880612509732723,-28.890792291220475
186.375,31.5,32.9,33.7,26.0,28.7,29.6,25.9,32.8,30.3,26.4,25.5,27.1,27.0,25.3,25.8,26.4,23.7,27.0,25.2,30.4,23.8,37.0,28.0,29.0,11.880612509732723,-28.890792291220475
187.049,31.5,32.9,33.7,26.0,28.7,29.6,25.9,32.8,30.4,26.5,25.5,27.1,27.0,25.4,25.9,26.4,23.7,26.9,25.2,30.4,23.7,37.0,28.0,29.0,12.0788995587855,-28.890792291220475
187.724,31.5,32.9,33.8,26.0,28.7,29.6,25.9,32.8,30.4,26.5,25.5,27.2,27.0,25.4,25.9,26.5,23.7,27.0,25.2,30.4,23.8,37.0,28.0,29.0,12.0788995587855,-28.890792291220475
188.399,31.5,33.0,33.8,26.0,28.7,29.6,26.0,32.8,30.4,26.5,25.5,27.2,27.1,25.5,25.9,26.5,23.7,27.0,25.2,30.4,23.7,37.0,28.0,29.0,12.0788995587855,-28.890792291220475
189.072,31.6,33.0,33.8,26.0,28.7,29.7,26.0,32.9,30.4,26.5,25.6,27.2,27.1,25.4,25.9,26.5,23.7,27.0,25.2,30.4,23.8,37.0,28.0,29.0,11.880612509732723,-28.804688380480112
189.747,31.6,33.0,33.8,26.0,28.8,29.7,26.0,32.9,30.4,26.5,25.6,27.2,27.1,25.5,25.8,26.4,23.6,27.0,25.2,30.4,24.0,37.0,28.0,29.0,12.0788995587855,-27.514932942634946
190.423,31.6,33.0,33.8,26.0,28.8,29.7,26.0,32.9,30.4,26.5,25.6,27.2,27.1,25.5,25.9,26.5,23.7,27.0,25.2,30.5,24.1,37.0,28.0,29.0,11.880612509732723,-27.257072016229017
191.097,31.6,33.1,33.9,26.0,28.8,29.7,26.0,32.9,30.4,26.5,25.6,27.2,27.1,25.4,25.9,26.4,23.7,27.0,25.2,30.4,24.1,37.0,28.0,29.0,11.880612509732723,-28.890792291220475
191.773,31.6,33.1,33.9,26.1,28.8,29.7,26.0,32.9,30.5,26.6,25.6,27.2,27.1,25.5,25.9,26.3,23.7,27.0,25.2,30.5,24.2,37.0,29.0,29.0,12.0788995587855,-26.741124760509397
192.449,31.6,33.1,33.9,26.1,28.9,29.7,26.0,32.9,30.5,26.6,25.6,27.2,27.2,25.5,25.8,26.3,23.7,27.0,25.2,30.4,24.2,37.0,29.0,29.0,12.0788995587855,-28.804688380480112
193.126,31.6,33.1,33.9,26.1,28.8,29.7,26.0,32.9,30.5,26.6,25.6,27.2,27.2,25.5,25.8,26.4,23.7,27.0,25.2,30.4,24.3,37.0,29.0,29.0,11.880612509732723,-28.804688380480112
193.8,31.7,33.2,33.9,26.1,28.9,29.7,26.0,32.9,30.5,26.6,25.7,27.3,27.2,25.5,25.9,26.3,23.8,27.0,25.3,30.4,24.3,38.0,29.0,29.0,11.880612509732723,-27.342950524061738
194.474,31.7,33.2,34.0,26.1,28.9,29.7,26.1,33.0,30.5,26.6,25.7,27.3,27.2,25.6,25.9,26.4,23.8,27.0,25.3,30.6,24.3,38.0,29.0,29.0,11.880612509732723,-27.945001690521718
195.148,31.7,33.2,34.0,26.2,28.9,29.8,26.1,33.0,30.5,26.6,25.7,27.3,27.2,25.5,25.9,26.5,23.9,27.1,25.3,30.5,24.3,38.0,29.0,29.0,11.880612509732723,-28.804688380480112
195.823,31.8,33.2,34.0,26.1,28.9,29.7,26.1,33.0,30.6,26.6,25.7,27.3,27.2,25.5,25.9,26.5,23.9,27.1,25.3,30.6,24.6,38.0,29.0,29.0,12.0788995587855,-28.804688380480112
196.496,31.8,33.2,34.0,26.2,29.0,29.8,26.1,33.0,30.6,26.7,25.7,27.3,27.2,25.6,25.9,26.6,23.9,27.1,25.3,30.7,24.6,38.0,29.0,29.0,12.0788995587855,-26.655246252676676
197.169,31.8,33.3,34.1,26.2,29.0,29.8,26.1,33.0,30.6,26.7,25.7,27.3,27.2,25.5,25.9,26.6,23.9,27.1,25.3,30.7,24.7,38.0,29.0,29.0,12.474954580846102,-26.655246252676676
197.845,31.8,33.3,34.1,26.2,29.0,29.8,26.1,33.0,30.6,26.7,25.7,27.4,27.3,25.7,25.9,26.6,24.0,27.1,25.3,30.7,24.7,38.0,29.0,29.0,12.672722553854221,-26.56914234193619
198.52,31.9,33.3,34.1,26.2,29.0,29.8,26.2,33.1,30.6,26.7,25.8,27.4,27.3,25.7,25.9,26.6,23.9,27.1,25.3,30.8,24.8,38.0,29.0,29.0,12.474954580846102,-26.56914234193619
199.196,31.9,33.4,34.1,26.2,29.0,29.8,26.2,33.1,30.6,26.8,25.8,27.4,27.3,25.6,26.0,26.6,23.9,27.1,25.4,30.7,24.8,38.0,29.0,29.0,12.0788995587855,-26.655246252676676
199.871,31.9,33.4,34.1,26.2,29.0,29.8,26.2,33.1,30.6,26.7,25.8,27.4,27.3,25.7,26.0,26.5,24.0,27.1,25.3,30.8,25.0,38.0,29.0,29.0,12.0788995587855,-26.655246252676676
200.544,31.9,33.4,34.1,26.2,29.0,29.9,26.2,33.1,30.6,26.8,25.8,27.4,27.3,25.6,26.0,26.6,23.9,27.1,25.4,30.7,24.8,38.0,29.0,29.0,12.0788995587855,-28.804688380480112
201.218,31.9,33.4,34.2,26.3,29.1,29.9,26.2,33.1,30.6,26.8,25.8,27.4,27.4,25.7,26.1,26.5,24.0,27.1,25.3,30.7,24.5,38.0,29.0,29.0,11.880612509732723,-28.804688380480112
201.891,32.0,33.4,34.2,26.3,29.1,29.9,26.2,33.1,30.7,26.8,25.8,27.4,27.4,25.7,26.0,26.4,24.0,27.1,25.3,30.7,24.4,38.0,29.0,29.0,12.0788995587855,-27.17096810548853
202.565,32.0,33.5,34.2,26.3,29.1,29.9,26.2,33.2,30.7,26.8,25.8,27.5,27.4,25.7,26.1,26.5,24.0,27.2,25.4,30.7,24.3,38.0,29.0,29.0,12.672722553854221,-26.655246252676676
203.24,32.0,33.5,34.2,26.3,29.1,29.9,26.3,33.2,30.7,26.8,25.9,27.5,27.4,25.6,26.0,26.6,23.9,27.1,25.4,30.7,24.4,38.0,29.0,29.0,13.06877757591497,-26.741124760509397
203.914,32.0,33.5,34.2,26.3,29.1,29.9,26.3,33.2,30.7,26.8,25.9,27.5,27.4,25.7,26.0,26.7,23.9,27.1,25.3,30.7,24.3,38.0,29.0,29.0,14.0591746690891,-26.655246252676676
204.589,32.1,33.5,34.3,26.3,29.1,29.9,26.3,33.2,30.7,26.8,25.9,27.5,27.4,25.7,26.1,26.6,23.9,27.2,25.4,30.7,24.2,38.0,29.0,29.0,14.256942642097071,-26.655246252676676
205.263,32.1,33.5,34.3,26.3,29.2,30.0,26.3,33.2,30.7,26.8,25.9,27.5,27.4,25.8,26.2,26.7,24.0,27.2,25.4,30.7,24.2,38.0,29.0,29.0,14.652997664157821,-26.655246252676676
205.937,32.1,33.5,34.3,26.4,29.2,30.0,26.3,33.2,30.8,26.9,25.9,27.5,27.4,25.8,26.1,26.6,24.0,27.3,25.5,30.7,24.2,38.0,29.0,29.0,15.04905268621857,-26.655246252676676
206.612,32.1,33.6,34.3,26.4,29.2,30.0,26.3,33.2,30.8,26.9,25.9,27.5,27.4,25.8,26.2,26.7,24.0,27.3,25.5,30.7,24.4,38.0,29.0,29.0,15.642875681287439,-26.56914234193619
207.288,32.1,33.6,34.3,26.4,29.2,30.0,26.3,33.2,30.8,26.9,26.0,27.5,27.5,25.8,26.2,26.7,24.0,27.4,25.5,30.7,24.3,38.0,29.0,29.0,15.44510770827932,-26.655246252676676
207.962,32.2,33.6,34.4,26.4,29.2,30.0,26.4,33.2,30.8,26.9,26.0,27.5,27.5,25.9,26.2,26.7,24.0,27.4,25.5,30.8,24.5,38.0,29.0,29.0,15.44510770827932,-26.655246252676676
208.636,32.2,33.6,34.4,26.4,29.2,30.0,26.4,33.2,30.8,26.9,26.0,27.6,27.5,25.8,26.1,26.5,24.0,27.4,25.5,30.8,24.4,38.0,29.0,29.0,15.642875681287439,-26.56914234193619
209.312,32.2,33.6,34.4,26.4,29.3,30.0,26.4,33.3,30.8,26.9,26.0,27.5,27.5,25.8,26.2,26.5,24.0,27.4,25.5,30.8,24.5,38.0,29.0,29.0,16.633272774461567,-26.56914234193619
209.986,32.2,33.7,34.4,26.4,29.3,30.0,26.4,33.3,30.9,27.0,26.0,27.6,27.5,25.9,26.2,26.5,24.0,27.4,25.5,30.8,24.6,38.0,29.0,29.0,16.43498572540879,-26.56914234193619
210.66,32.2,33.7,34.4,26.5,29.3,30.0,26.4,33.3,30.9,27.0,26.0,27.6,27.5,25.9,26.2,26.7,24.0,27.4,25.5,30.8,24.6,38.0,29.0,29.0,17.029327796522317,-26.655246252676676
211.334,32.2,33.7,34.5,26.5,29.3,30.1,26.4,33.3,30.9,27.0,26.0,27.6,27.5,25.8,26.2,26.7,24.0,27.4,25.5,30.9,24.6,38.0,29.0,29.0,17.227095769530287,-26.56914234193619
212.009,32.3,33.8,34.5,26.5,29.3,30.1,26.4,33.3,30.9,27.0,26.0,27.7,27.6,25.8,26.3,26.8,24.1,27.5,25.6,30.8,24.8,38.0,29.0,29.0,17.227095769530287,-26.655246252676676
212.684,32.3,33.8,34.5,26.5,29.3,30.1,26.4,33.4,30.9,27.0,26.1,27.7,27.6,25.9,26.2,26.9,24.0,27.5,25.5,30.8,24.8,38.0,29.0,30.0,17.227095769530287,-26.655246252676676
213.358,32.3,33.8,34.5,26.6,29.4,30.1,26.5,33.4,30.9,27.0,26.1,27.7,27.6,25.9,26.2,26.9,24.0,27.4,25.5,30.9,24.7,38.0,29.0,30.0,17.227095769530287,-26.655246252676676
214.035,32.3,33.8,34.5,26.5,29.4,30.1,26.5,33.4,30.9,27.1,26.1,27.7,27.6,25.8,26.3,27.0,24.0,27.5,25.6,30.9,24.8,38.0,29.0,30.0,17.425382818582918,-26.741124760509397
214.71,32.3,33.8,34.5,26.6,29.4,30.2,26.5,33.4,31.0,27.1,26.1,27.7,27.6,25.9,26.3,26.9,24.1,27.4,25.5,30.8,24.7,38.0,29.0,30.0,17.227095769530287,-26.655246252676676
215.384,32.4,33.8,34.6,26.6,29.4,30.2,26.5,33.4,31.0,27.1,26.1,27.7,27.6,26.0,26.3,27.0,24.2,27.4,25.5,30.9,24.5,38.0,29.0,30.0,17.425382818582918,-26.655246252676676
216.059,32.4,33.8,34.6,26.6,29.4,30.2,26.5,33.4,31.0,27.1,26.1,27.7,27.6,25.9,26.2,26.8,24.1,27.4,25.5,30.9,24.5,38.0,29.0,30.0,17.227095769530287,-26.741124760509397
216.733,32.4,33.9,34.6,26.6,29.4,30.2,26.6,33.4,31.0,27.1,26.1,27.7,27.6,26.0,26.3,26.9,24.1,27.4,25.5,30.8,24.7,38.0,29.0,30.0,17.227095769530287,-26.741124760509397
217.407,32.4,33.9,34.6,26.6,29.5,30.2,26.6,33.5,31.0,27.1,26.1,27.7,27.6,26.0,26.3,26.9,24.1,27.5,25.6,30.8,24.7,38.0,29.0,30.0,17.227095769530287,-26.39715992336298
218.081,32.4,33.9,34.6,26.6,29.5,30.2,26.6,33.5,31.0,27.1,26.2,27.8,27.6,26.0,26.4,26.9,24.0,27.5,25.5,30.8,24.6,38.0,29.0,30.0,17.227095769530287,-26.655246252676676
218.756,32.4,33.9,34.6,26.6,29.5,30.2,26.6,33.5,31.0,27.1,26.2,27.8,27.7,26.0,26.3,26.9,24.1,27.4,25.6,30.8,24.5,38.0,29.0,30.0,17.425382818582918,-25.623351741237435
219.431,32.5,33.9,34.7,26.6,29.5,30.3,26.6,33.5,31.1,27.2,26.2,27.8,27.7,26.0,26.4,26.9,24.1,27.5,25.6,30.8,24.3,38.0,29.0,30.0,17.227095769530287,-24.505578721965474
220.105,32.5,33.9,34.7,26.6,29.5,30.2,26.6,33.5,31.1,27.2,26.2,27.8,27.7,26.0,26.3,26.8,24.2,27.5,25.5,30.9,24.5,38.0,29.0,30.0,17.227095769530287,-24.505578721965474
220.78,32.5,33.9,34.7,26.7,29.6,30.2,26.6,33.5,31.1,27.2,26.2,27.8,27.7,26.0,26.3,26.8,24.1,27.4,25.7,30.9,24.4,38.0,29.0,30.0,17.227095769530287,-24.505578721965474
221.454,32.5,34.0,34.7,26.7,29.6,30.3,26.6,33.5,31.1,27.2,26.2,27.8,27.7,26.0,26.4,26.8,24.2,27.4,25.6,30.9,24.4,38.0,29.0,30.0,17.227095769530287,-24.419474811224983
222.127,32.5,34.0,34.8,26.7,29.6,30.3,26.6,33.5,31.1,27.2,26.2,27.8,27.7,26.0,26.3,26.8,24.2,27.5,25.5,30.9,24.5,38.0,29.0,30.0,17.227095769530287,-24.505578721965474
222.801,32.6,34.0,34.7,26.7,29.6,30.3,26.7,33.5,31.2,27.2,26.3,27.8,27.8,26.0,26.3,26.8,24.2,27.5,25.7,30.9,24.5,38.0,29.0,30.0,17.425382818582918,-24.505578721965474
223.475,32.6,34.0,34.8,26.7,29.6,30.3,26.7,33.5,31.1,27.2,26.3,27.8,27.8,26.0,26.4,26.8,24.1,27.5,25.7,30.9,24.7,38.0,29.0,30.0,17.227095769530287,-24.505578721965474
224.15,32.6,34.1,34.8,26.7,29.6,30.3,26.7,33.5,31.2,27.2,26.3,27.9,27.8,26.0,26.4,26.8,24.1,27.5,25.7,30.9,24.7,38.0,29.0,30.0,17.227095769530287,-24.505578721965474
224.824,32.6,34.1,34.8,26.7,29.6,30.3,26.7,33.6,31.2,27.3,26.3,27.9,27.8,26.0,26.4,26.8,24.2,27.5,25.6,31.1,24.8,38.0,29.0,30.0,17.227095769530287,-24.505578721965474
225.497,32.6,34.1,34.8,26.7,29.6,30.3,26.7,33.6,31.2,27.3,26.3,27.9,27.8,26.0,26.4,26.9,24.1,27.5,25.7,31.0,24.9,38.0,29.0,30.0,17.227095769530287,-24.505578721965474
226.172,32.7,34.1,34.8,26.8,29.7,30.3,26.7,33.6,31.2,27.3,26.3,27.9,27.8,26.1,26.5,26.8,24.2,27.6,25.7,31.1,25.0,38.0,29.0,30.0,17.821437840643668,-24.419474811224983
226.846,32.7,34.1,34.8,26.8,29.7,30.3,26.7,33.6,31.2,27.3,26.3,27.9,27.8,26.1,26.4,26.9,24.2,27.6,25.7,31.1,25.0,38.0,29.0,30.0,17.623150791591037,-24.505578721965474
227.519,32.7,34.1,34.9,26.8,29.7,30.3,26.8,33.6,31.2,27.3,26.3,27.9,27.8,26.1,26.5,26.8,24.3,27.6,25.7,31.1,24.7,38.0,29.0,30.0,18.613028808720507,-24.505578721965474
228.194,32.7,34.1,34.9,26.8,29.7,30.4,26.8,33.6,31.2,27.3,26.3,27.9,27.8,26.1,26.5,26.8,24.2,27.5,25.7,31.1,24.7,38.0,29.0,30.0,18.811315857773288,-24.505578721965474
228.869,32.7,34.2,34.9,26.8,29.7,30.3,26.8,33.6,31.2,27.3,26.4,28.0,27.8,26.1,26.4,26.7,24.2,27.5,25.8,31.1,24.5,38.0,29.0,30.0,18.217492862704418,-24.419474811224983
229.543,32.8,34.2,34.9,26.8,29.7,30.4,26.8,33.6,31.3,27.3,26.4,27.9,27.9,26.2,26.5,26.8,24.2,27.5,25.7,31.1,24.3,38.0,29.0,30.0,19.60342590189464,-24.505578721965474
230.216,32.8,34.2,34.9,26.8,29.7,30.4,26.8,33.7,31.3,27.4,26.4,28.0,27.9,26.1,26.5,26.9,24.2,27.5,25.7,31.1,24.2,38.0,29.0,30.0,19.999480923955385,-24.59145722979819
230.89,32.8,34.2,34.9,26.9,29.7,30.4,26.8,33.7,31.3,27.4,26.4,28.0,27.9,26.1,26.4,26.9,24.3,27.6,25.7,31.1,24.2,38.0,29.0,30.0,18.811315857773288,-24.505578721965474
231.565,32.8,34.2,35.0,26.9,29.7,30.4,26.8,33.7,31.3,27.4,26.4,28.0,27.9,26.1,26.5,27.0,24.3,27.7,25.8,31.1,24.2,38.0,29.0,30.0,19.405138852842008,-24.419474811224983
232.242,32.8,34.2,35.0,26.9,29.8,30.4,26.9,33.7,31.3,27.4,26.4,28.0,27.9,26.1,26.4,27.1,24.2,27.7,25.8,31.1,24.4,38.0,29.0,30.0,19.999480923955385,-24.419474811224983
232.916,32.8,34.3,35.0,26.9,29.8,30.5,26.8,33.7,31.3,27.4,26.5,28.0,27.9,26.2,26.5,27.1,24.2,27.6,25.8,31.1,24.2,38.0,29.0,30.0,20.395535946016135,-24.505578721965474
233.59,32.9,34.3,35.0,26.9,29.8,30.5,26.9,33.7,31.3,27.4,26.5,28.0,27.9,26.0,26.4,27.0,24.4,27.6,25.8,31.1,24.4,38.0,29.0,30.0,20.395535946016135,-24.419474811224983
234.265,32.9,34.3,35.0,26.9,29.8,30.5,26.9,33.7,31.4,27.4,26.5,28.0,27.9,26.3,26.5,27.0,24.3,27.7,25.8,31.1,24.4,38.0,29.0,30.0,20.989358941085005,-24.505578721965474
234.939,32.9,34.3,35.0,26.9,29.8,30.5,26.9,33.7,31.4,27.5,26.5,28.0,27.9,26.3,26.5,27.1,24.3,27.7,25.8,31.1,24.6,38.0,29.0,30.0,21.979236958214475,-24.505578721965474
235.612,32.9,34.3,35.1,26.9,29.8,30.5,26.9,33.7,31.4,27.5,26.5,28.1,28.0,26.3,26.5,27.1,24.4,27.7,25.8,31.1,24.6,38.0,29.0,30.0,22.177524007267106,-24.505578721965474
236.285,32.9,34.3,35.1,26.9,29.9,30.5,26.9,33.8,31.4,27.5,26.5,28.1,28.0,26.3,26.6,27.1,24.3,27.7,25.8,31.1,24.7,38.0,29.0,30.0,22.177524007267106,-24.505578721965474
236.959,32.9,34.4,35.1,27.0,29.9,30.5,26.9,33.8,31.4,27.5,26.5,28.1,28.0,26.3,26.6,27.2,24.4,27.7,25.9,31.2,24.6,38.0,29.0,30.0,22.177524007267106,-22.442015101994755
237.632,32.9,34.4,35.1,27.0,29.9,30.5,26.9,33.8,31.4,27.5,26.6,28.1,28.0,26.3,26.6,27.1,24.3,27.7,25.9,31.1,24.7,38.0,29.0,30.0,22.177524007267106,-22.69987602840068
238.308,33.0,34.4,35.1,27.0,29.9,30.5,27.0,33.8,31.4,27.5,26.6,28.1,28.0,26.3,26.6,27.1,24.5,27.8,25.9,31.2,24.8,38.0,29.0,30.0,22.177524007267106,-22.18392877268119
238.982,33.0,34.4,35.1,27.0,29.9,30.5,27.0,33.8,31.5,27.5,26.6,28.1,28.0,26.3,26.7,27.1,24.3,27.7,25.9,31.1,24.8,38.0,29.0,30.0,22.177524007267106,-24.59145722979819
239.659,33.0,34.5,35.2,27.0,29.9,30.5,27.0,33.8,31.5,27.6,26.6,28.1,28.1,26.3,26.7,27.2,24.4,27.8,25.9,31.2,25.0,38.0,29.0,30.0,22.177524007267106,-24.505578721965474
240.333,33.0,34.5,35.2,27.0,30.0,30.6,27.0,33.8,31.5,27.6,26.6,28.1,28.1,26.4,26.7,27.1,24.5,27.7,25.9,31.2,25.0,38.0,29.0,30.0,22.177524007267106,-22.35591119125427
241.007,33.1,34.5,35.2,27.0,30.0,30.6,27.0,33.8,31.5,27.6,26.6,28.2,28.1,26.4,26.6,27.1,24.5,27.8,25.9,31.2,25.0,38.0,29.0,30.0,22.177524007267106,-24.505578721965474
241.681,33.1,34.5,35.2,27.1,30.0,30.6,27.0,33.8,31.5,27.6,26.6,28.2,28.1,26.4,26.7,27.2,24.5,27.8,25.9,31.2,25.1,38.0,29.0,30.0,21.979236958214475,-24.59145722979819
242.355,33.1,34.5,35.2,27.1,30.0,30.6,27.0,33.9,31.5,27.6,26.6,28.2,28.1,26.4,26.7,27.3,24.4,27.8,25.9,31.2,24.8,38.0,29.0,30.0,22.177524007267106,-24.505578721965474
243.03,33.1,34.5,35.3,27.1,30.0,30.6,27.1,33.9,31.5,27.6,26.7,28.2,28.1,26.4,26.8,27.3,24.4,27.8,25.9,31.2,24.6,38.0,29.0,30.0,22.177524007267106,-22.69987602840068
243.703,33.1,34.5,35.3,27.1,30.0,30.6,27.1,33.9,31.5,27.6,26.7,28.2,28.1,26.4,26.8,27.3,24.4,27.8,25.9,31.2,24.5,38.0,29.0,30.0,22.177524007267106,-22.09805026484834
244.379,33.1,34.6,35.3,27.1,30.0,30.6,27.1,33.9,31.6,27.6,26.7,28.2,28.1,26.4,26.7,27.3,24.5,27.7,25.8,31.2,24.3,38.0,29.0,30.0,22.177524007267106,-22.01194635410798
245.052,33.2,34.6,35.3,27.1,30.0,30.6,27.1,33.9,31.6,27.6,26.7,28.2,28.1,26.4,26.7,27.2,24.3,27.8,25.9,31.1,24.6,38.0,29.0,30.0,22.375291980275225,-22.09805026484834
245.728,33.2,34.6,35.3,27.1,30.0,30.6,27.1,33.9,31.6,27.6,26.7,28.2,28.1,26.4,26.6,27.3,24.5,27.8,25.9,31.1,24.4,38.0,29.0,30.0,22.177524007267106,-22.09805026484834
246.403,33.2,34.6,35.3,27.1,30.0,30.6,27.1,33.9,31.6,27.6,26.7,28.2,28.1,26.4,26.8,27.2,24.5,27.8,25.9,31.1,24.6,38.0,29.0,30.0,22.177524007267106,-22.09805026484834
247.076,33.2,34.6,35.4,27.1,30.1,30.7,27.1,33.9,31.6,27.7,26.7,28.3,28.2,26.4,26.7,27.3,24.6,27.7,25.9,31.2,24.6,38.0,29.0,31.0,22.177524007267106,-22.01194635410798
247.751,33.2,34.6,35.4,27.2,30.1,30.7,27.2,34.0,31.6,27.7,26.7,28.3,28.2,26.4,26.8,27.3,24.5,27.8,25.9,31.2,24.6,38.0,29.0,30.0,22.573579029327856,-22.01194635410798
248.425,33.2,34.6,35.4,27.2,30.1,30.7,27.2,33.9,31.6,27.7,26.7,28.3,28.2,26.4,26.8,27.3,24.5,27.8,25.9,31.1,24.5,38.0,30.0,30.0,22.375291980275225,-22.09805026484834
249.1,33.2,34.7,35.4,27.2,30.1,30.7,27.2,34.0,31.6,27.7,26.8,28.3,28.2,26.4,26.8,27.3,24.6,27.8,25.9,31.3,24.6,38.0,29.0,31.0,22.375291980275225,-22.09805026484834
249.775,33.2,34.7,35.4,27.2,30.1,30.7,27.2,34.0,31.6,27.7,26.7,28.3,28.2,26.4,26.8,27.3,24.5,27.9,25.9,31.2,24.7,38.0,30.0,31.0,22.771347002335975,-22.09805026484834
250.449,33.3,34.7,35.4,27.2,30.2,30.7,27.2,34.0,31.7,27.8,26.8,28.3,28.2,26.4,26.7,27.4,24.5,27.8,25.9,31.4,24.8,38.0,30.0,31.0,23.959512068518073,-22.18392877268119
251.122,33.3,34.8,35.5,27.2,30.2,30.7,27.2,34.0,31.7,27.8,26.8,28.3,28.2,26.4,26.8,27.3,24.6,27.8,25.9,31.3,24.8,38.0,30.0,31.0,24.355567090578823,-22.18392877268119
251.796,33.3,34.7,35.5,27.2,30.2,30.8,27.2,34.0,31.7,27.8,26.8,28.4,28.3,26.5,26.8,27.4,24.6,27.9,25.9,31.2,24.7,38.0,30.0,31.0,24.553854139631454,-22.18392877268119
252.471,33.3,34.8,35.5,27.2,30.2,30.8,27.2,34.1,31.7,27.8,26.8,28.4,28.3,26.5,26.9,27.5,24.6,27.9,26.0,31.3,24.9,38.0,30.0,31.0,25.93978717882182,-22.09805026484834
253.146,33.3,34.8,35.5,27.3,30.2,30.8,27.2,34.1,31.7,27.8,26.8,28.4,28.3,26.5,26.8,27.5,24.6,28.0,26.0,31.2,25.0,38.0,30.0,31.0,25.93978717882182,-22.18392877268119
253.82,33.4,34.8,35.5,27.3,30.2,30.8,27.3,34.1,31.7,27.8,26.9,28.4,28.3,26.5,26.9,27.5,24.6,28.0,26.0,31.3,24.9,38.0,30.0,31.0,25.345445107708294,-22.18392877268119
254.495,33.4,34.8,35.6,27.3,30.2,30.8,27.2,34.1,31.7,27.9,26.9,28.4,28.3,26.5,26.9,27.6,24.6,28.0,26.0,31.3,24.6,38.0,30.0,31.0,25.741500129769044,-22.09805026484834
255.169,33.4,34.8,35.6,27.3,30.3,30.8,27.3,34.1,31.8,27.9,26.9,28.4,28.3,26.5,26.9,27.5,24.6,27.9,26.0,31.3,24.4,38.0,30.0,31.0,26.533610173890544,-22.09805026484834
255.844,33.4,34.8,35.6,27.3,30.3,30.8,27.3,34.1,31.8,27.9,26.9,28.4,28.3,26.5,26.9,27.5,24.6,27.9,26.0,31.3,24.3,38.0,30.0,31.0,26.33584220088257,-22.18392877268119
256.519,33.4,34.8,35.6,27.3,30.3,30.8,27.3,34.1,31.8,27.9,26.9,28.4,28.3,26.5,26.9,27.4,24.6,27.8,26.0,31.2,24.6,38.0,30.0,31.0,26.533610173890544,-22.18392877268119
257.194,33.4,34.8,35.6,27.3,30.3,30.8,27.3,34.1,31.8,27.9,26.9,28.4,28.4,26.6,26.9,27.4,24.6,27.9,25.9,31.4,24.8,38.0,30.0,31.0,27.524007267064672,-22.09805026484834
257.868,33.5,34.8,35.6,27.3,30.3,30.9,27.3,34.1,31.8,27.8,26.9,28.4,28.4,26.5,26.9,27.4,24.6,28.1,26.2,31.3,24.2,38.0,30.0,31.0,27.72177524007279,-22.09805026484834
258.542,33.5,34.8,35.7,27.4,30.3,30.9,27.4,34.1,31.8,27.9,26.9,28.5,28.4,26.6,26.9,27.4,24.5,28.0,26.1,31.3,24.1,38.0,30.0,31.0,27.524007267064672,-22.09805026484834
259.216,33.5,34.8,35.7,27.4,30.3,30.9,27.4,34.1,31.8,27.9,26.9,28.5,28.4,26.7,26.9,27.4,24.6,28.0,26.1,31.3,24.1,38.0,30.0,31.0,27.72177524007279,-22.09805026484834
259.891,33.5,34.8,35.7,27.4,30.3,30.9,27.4,34.2,31.8,27.9,27.0,28.5,28.4,26.6,26.9,27.5,24.6,28.0,26.1,31.3,24.1,38.0,30.0,31.0,27.72177524007279,-22.01194635410798
260.566,33.5,34.9,35.7,27.4,30.3,30.9,27.4,34.2,31.8,27.9,27.0,28.5,28.4,26.6,26.9,27.4,24.6,28.0,26.1,31.3,24.1,38.0,30.0,31.0,27.524007267064672,-19.862278823396775
261.24,33.5,34.9,35.7,27.4,30.3,30.9,27.4,34.1,31.9,27.9,27.0,28.5,28.4,26.7,26.9,27.4,24.6,28.0,26.1,31.3,24.3,38.0,30.0,31.0,27.72177524007279,-19.948382734137265
261.915,33.5,34.9,35.7,27.4,30.3,30.9,27.4,34.1,31.9,27.9,27.0,28.5,28.4,26.7,26.9,27.3,24.6,28.0,26.1,31.3,24.4,38.0,30.0,31.0,27.72177524007279,-19.948382734137265
262.59,33.5,34.9,35.7,27.4,30.4,30.9,27.4,34.1,31.9,28.0,27.0,28.5,28.4,26.7,26.9,27.3,24.6,28.1,26.2,31.3,24.5,38.0,30.0,31.0,27.72177524007279,-20.3782260791164
263.265,33.6,34.9,35.8,27.4,30.4,30.9,27.4,34.2,31.9,28.0,27.0,28.5,28.4,26.6,26.9,27.3,24.6,28.0,26.1,31.3,24.5,38.0,30.0,31.0,27.72177524007279,-20.20624366054319
263.939,33.6,34.9,35.8,27.4,30.4,30.9,27.4,34.2,31.9,28.0,27.0,28.5,28.4,26.7,26.9,27.3,24.6,28.1,26.2,31.3,24.7,38.0,30.0,31.0,27.72177524007279,-20.464329989856886
264.615,33.6,34.9,35.8,27.5,30.4,30.9,27.5,34.2,31.9,28.0,27.0,28.5,28.4,26.6,26.9,27.2,24.6,28.1,26.2,31.4,24.7,38.0,30.0,31.0,27.72177524007279,-20.034261241969983
265.29,33.6,35.0,35.8,27.5,30.4,31.0,27.5,34.2,31.9,28.0,27.0,28.5,28.4,26.7,26.9,27.4,24.7,28.1,26.2,31.4,24.8,38.0,30.0,31.0,27.72177524007279,-20.3782260791164
265.964,33.6,35.0,35.8,27.5,30.4,31.0,27.5,34.2,32.0,28.0,27.0,28.5,28.5,26.8,27.0,27.2,24.6,28.1,26.2,31.4,25.0,38.0,30.0,31.0,27.72177524007279,-19.862278823396775
266.637,33.6,35.0,35.8,27.5,30.5,31.0,27.5,34.3,32.0,28.0,27.1,28.6,28.5,26.7,27.0,27.3,24.6,28.1,26.2,31.4,25.0,38.0,30.0,31.0,27.920062289125422,-19.948382734137265
267.312,33.7,35.0,35.8,27.5,30.5,31.0,27.5,34.3,32.0,28.1,27.1,28.6,28.5,26.8,27.0,27.5,24.8,28.2,26.2,31.4,25.0,38.0,30.0,31.0,27.72177524007279,-20.034261241969983
267.986,33.7,35.1,35.8,27.5,30.5,31.0,27.5,34.3,32.0,28.0,27.1,28.6,28.5,26.7,27.0,27.4,24.6,28.1,26.2,31.4,25.0,38.0,30.0,31.0,27.72177524007279,-19.948382734137265
268.659,33.7,35.0,35.9,27.5,30.5,31.0,27.5,34.3,32.0,28.1,27.1,28.6,28.5,26.8,27.0,27.4,24.6,28.1,26.2,31.5,25.1,38.0,30.0,31.0,27.72177524007279,-19.948382734137265
269.334,33.7,35.1,35.9,27.5,30.5,31.0,27.5,34.3,32.0,28.1,27.1,28.6,28.6,26.7,27.1,27.4,24.7,28.1,26.2,31.5,25.0,38.0,30.0,31.0,27.72177524007279,-19.948382734137265
270.009,33.7,35.1,35.9,27.5,30.5,31.0,27.5,34.3,32.0,28.1,27.1,28.6,28.6,26.8,27.1,27.6,24.7,28.2,26.2,31.5,24.8,38.0,30.0,31.0,27.72177524007279,-20.034261241969983
270.683,33.7,35.1,35.9,27.6,30.6,31.1,27.6,34.4,32.0,28.1,27.2,28.7,28.6,26.7,27.0,27.5,24.6,28.2,26.3,31.5,24.4,38.0,30.0,31.0,27.524007267064672,-19.948382734137265
271.358,33.8,35.1,35.9,27.6,30.5,31.0,27.6,34.3,32.0,28.1,27.2,28.6,28.6,26.7,27.0,27.5,24.7,28.1,26.2,31.5,24.3,39.0,30.0,31.0,27.72177524007279,-19.862278823396775
272.032,33.8,35.1,35.9,27.6,30.5,31.1,27.6,34.3,32.1,28.1,27.2,28.7,28.6,26.8,27.0,27.5,24.8,28.1,26.2,31.4,24.6,39.0,30.0,31.0,27.920062289125422,-19.948382734137265
272.707,33.8,35.1,35.9,27.6,30.5,31.1,27.6,34.3,32.0,28.1,27.2,28.7,28.5,26.9,27.0,27.5,24.7,28.1,26.2,31.3,24.6,39.0,30.0,31.0,27.920062289125422,-19.948382734137265
273.382,33.8,35.1,35.9,27.6,30.6,31.1,27.6,34.3,32.1,28.1,27.2,28.7,28.5,26.8,27.0,27.5,24.8,28.1,26.2,31.4,24.5,39.0,30.0,31.0,27.920062289125422,-19.948382734137265
274.056,33.8,35.1,36.0,27.6,30.6,31.1,27.6,34.4,32.1,28.1,27.2,28.7,28.6,26.8,27.0,27.5,24.8,28.1,26.2,31.4,24.6,39.0,30.0,31.0,28.11783026213354,-19.948382734137265
274.732,33.8,35.1,36.0,27.6,30.6,31.1,27.6,34.4,32.1,28.2,27.2,28.7,28.6,26.9,27.0,27.6,24.7,28.1,26.2,31.4,24.4,39.0,30.0,31.0,28.909940306254892,-20.034261241969983
275.405,33.8,35.1,36.0,27.6,30.6,31.1,27.6,34.4,32.1,28.2,27.2,28.7,28.6,26.9,27.1,27.6,24.7,28.2,26.3,31.4,24.3,39.0,30.0,31.0,29.89981832338451,-20.034261241969983
276.079,33.8,35.1,36.0,27.6,30.6,31.1,27.6,34.4,32.1,28.2,27.2,28.7,28.6,26.9,27.1,27.5,24.7,28.2,26.3,31.4,24.4,39.0,30.0,31.0,29.305995328315642,-20.034261241969983
276.754,33.8,35.2,36.0,27.6,30.6,31.1,27.7,34.4,32.1,28.2,27.2,28.7,28.6,26.9,27.1,27.7,24.7,28.2,26.3,31.4,24.5,39.0,30.0,31.0,29.89981832338451,-19.948382734137265
277.429,33.9,35.2,36.0,27.6,30.6,31.2,27.7,34.4,32.1,28.2,27.3,28.7,28.6,26.9,27.1,27.5,24.7,28.2,26.3,31.4,24.7,39.0,30.0,31.0,30.09810537243714,-20.034261241969983
278.103,33.9,35.2,36.0,27.6,30.6,31.2,27.7,34.4,32.2,28.2,27.3,28.7,28.7,26.9,27.2,27.5,24.8,28.3,26.3,31.4,24.7,39.0,30.0,31.0,30.09810537243714,-20.034261241969983
278.778,33.9,35.2,36.1,27.7,30.7,31.2,27.7,34.4,32.2,28.2,27.3,28.7,28.7,26.9,27.2,27.5,24.8,28.2,26.4,31.4,24.8,39.0,30.0,31.0,30.09810537243714,-20.034261241969983
279.453,33.9,35.2,36.1,27.7,30.7,31.2,27.7,34.4,32.2,28.3,27.3,28.8,28.7,26.9,27.2,27.5,24.8,28.2,26.3,31.5,24.9,39.0,30.0,31.0,30.49416039449789,-20.034261241969983
280.128,33.9,35.2,36.1,27.7,30.7,31.2,27.7,34.5,32.2,28.3,27.3,28.8,28.7,26.9,27.2,27.5,24.7,28.3,26.3,31.5,25.0,39.0,30.0,31.0,30.295873345445113,-19.948382734137265
280.804,33.9,35.2,36.1,27.7,30.7,31.2,27.7,34.5,32.2,28.3,27.3,28.8,28.7,27.0,27.2,27.8,24.8,28.3,26.4,31.5,24.9,39.0,30.0,31.0,30.69192836750586,-20.034261241969983
281.478,34.0,35.3,36.1,27.7,30.7,31.2,27.7,34.5,32.2,28.3,27.3,28.8,28.7,27.0,27.2,27.7,24.9,28.3,26.4,31.5,25.0,39.0,30.0,31.0,30.49416039449789,-19.948382734137265
282.153,34.0,35.3,36.1,27.7,30.7,31.2,27.7,34.5,32.2,28.3,27.3,28.8,28.7,27.0,27.3,27.6,24.9,28.3,26.4,31.5,25.0,39.0,30.0,31.0,30.49416039449789,-19.948382734137265
282.827,34.0,35.3,36.1,27.7,30.7,31.2,27.8,34.5,32.2,28.3,27.4,28.8,28.7,27.0,27.2,27.6,24.8,28.3,26.4,31.6,25.0,39.0,30.0,31.0,30.89021541655864,-19.948382734137265
283.502,34.0,35.3,36.1,27.7,30.7,31.2,27.8,34.5,32.2,28.3,27.4,28.8,28.7,27.0,27.2,27.6,24.8,28.3,26.4,31.5,24.9,39.0,30.0,31.0,30.89021541655864,-20.034261241969983
284.175,34.0,35.3,36.1,27.7,30.8,31.2,27.8,34.5,32.3,28.3,27.4,28.8,28.8,27.0,27.2,27.6,24.9,28.3,26.4,31.5,24.6,39.0,30.0,31.0,31.08798338956661,-19.948382734137265
284.851,34.0,35.3,36.1,27.7,30.8,31.3,27.8,34.5,32.3,28.3,27.4,28.9,28.7,27.0,27.3,27.5,24.9,28.3,26.4,31.5,24.5,39.0,30.0,31.0,30.89021541655864,-20.034261241969983
285.526,34.0,35.3,36.1,27.8,30.8,31.2,27.8,34.5,32.3,28.4,27.4,28.9,28.8,27.0,27.3,27.6,24.9,28.3,26.4,31.6,24.5,39.0,30.0,31.0,30.89021541655864,-20.034261241969983
286.201,34.1,35.3,36.2,27.8,30.8,31.3,27.8,34.5,32.3,28.4,27.4,28.9,28.8,27.1,27.2,27.6,24.8,28.3,26.4,31.5,24.5,39.0,30.0,31.0,31.08798338956661,-20.034261241969983
286.875,34.0,35.3,36.2,27.8,30.8,31.3,27.8,34.6,32.3,28.4,27.4,28.9,28.8,27.0,27.2,27.7,25.0,28.3,26.4,31.5,24.4,39.0,30.0,31.0,31.08798338956661,-20.034261241969983
287.548,34.1,35.4,36.2,27.8,30.8,31.3,27.8,34.6,32.3,28.4,27.4,28.9,28.8,27.0,27.3,27.6,25.0,28.3,26.4,31.5,24.3,39.0,30.0,31.0,32.86997145081758,-20.034261241969983
288.223,34.1,35.4,36.2,27.8,30.8,31.3,27.8,34.6,32.3,28.4,27.5,28.9,28.8,27.1,27.2,27.6,25.0,28.3,26.4,31.5,24.3,39.0,30.0,31.0,32.67220347780961,-20.12036515271047
288.898,34.1,35.4,36.2,27.8,30.8,31.3,27.8,34.6,32.4,28.4,27.5,28.9,28.8,27.0,27.2,27.6,25.0,28.3,26.4,31.5,24.4,39.0,30.0,31.0,32.86997145081758,-20.12036515271047
289.572,34.1,35.4,36.2,27.8,30.8,31.4,27.9,34.6,32.3,28.4,27.5,28.9,28.8,27.1,27.2,27.7,25.0,28.4,26.4,31.6,24.4,39.0,30.0,31.0,32.86997145081758,-20.034261241969983
290.246,34.1,35.4,36.2,27.8,30.8,31.3,27.8,34.6,32.4,28.4,27.5,28.9,28.8,27.1,27.4,27.7,25.0,28.4,26.5,31.6,24.6,39.0,30.0,32.0,32.86997145081758,-18.4005409669784
290.922,34.1,35.4,36.2,27.9,30.9,31.4,27.9,34.6,32.4,28.4,27.5,29.0,28.8,27.1,27.3,27.7,25.0,28.4,26.4,31.5,24.7,39.0,30.0,32.0,32.86997145081758,-17.71283669559334
291.597,34.1,35.5,36.3,27.8,30.9,31.4,27.9,34.6,32.4,28.4,27.5,29.0,28.9,27.0,27.3,27.8,25.1,28.4,26.4,31.6,24.8,39.0,30.0,31.0,32.86997145081758,-17.71283669559334
292.271,34.1,35.4,36.3,27.9,30.9,31.4,27.9,34.6,32.4,28.5,27.5,29.0,28.8,27.0,27.3,27.7,25.1,28.4,26.4,31.6,24.9,39.0,30.0,31.0,33.06825849987036,-17.71283669559334
292.945,34.2,35.5,36.3,27.9,30.9,31.4,27.9,34.6,32.4,28.5,27.5,29.0,28.9,27.1,27.4,27.7,25.0,28.4,26.4,31.6,24.9,39.0,30.0,32.0,32.86997145081758,-17.71283669559334
293.619,34.2,35.5,36.3,27.9,30.9,31.4,27.9,34.7,32.4,28.5,27.5,29.0,28.9,27.1,27.3,27.8,25.0,28.5,26.4,31.6,25.0,39.0,30.0,32.0,32.86997145081758,-17.79871520342606
294.294,34.2,35.5,36.3,27.9,30.9,31.4,27.9,34.7,32.4,28.5,27.5,29.0,28.9,27.1,27.4,27.7,24.9,28.5,26.5,31.6,25.0,39.0,30.0,32.0,32.86997145081758,-17.62673278485285
294.968,34.2,35.5,36.3,27.9,30.9,31.4,28.0,34.7,32.5,28.5,27.5,29.0,28.9,27.2,27.4,27.8,25.0,28.4,26.5,31.6,25.1,39.0,30.0,32.0,33.06825849987036,-17.71283669559334
295.643,34.2,35.5,36.4,27.9,30.9,31.4,27.9,34.7,32.5,28.6,27.6,29.0,28.9,27.2,27.4,28.0,25.1,28.4,26.5,31.6,25.1,39.0,30.0,31.0,32.86997145081758,-17.71283669559334
296.316,34.2,35.5,36.4,27.9,30.9,31.4,28.0,34.7,32.5,28.6,27.6,29.0,28.9,27.1,27.4,28.0,25.2,28.4,26.5,31.6,25.0,39.0,30.0,32.0,32.86997145081758,-17.71283669559334
296.99,34.2,35.5,36.4,27.9,31.0,31.5,28.0,34.7,32.5,28.6,27.6,29.0,28.9,27.2,27.4,28.0,25.1,28.5,26.5,31.6,24.9,39.0,30.0,31.0,32.86997145081758,-17.71283669559334
297.665,34.2,35.6,36.4,28.0,30.9,31.5,28.0,34.7,32.5,28.6,27.6,29.0,28.9,27.2,27.4,27.9,25.1,28.4,26.5,31.6,24.9,39.0,30.0,32.0,32.86997145081758,-17.71283669559334
298.338,34.3,35.6,36.4,28.0,31.0,31.5,28.0,34.7,32.5,28.6,27.6,29.0,28.9,27.2,27.4,28.0,25.1,28.4,26.5,31.7,24.7,39.0,30.0,32.0,32.86997145081758,-17.71283669559334
299.013,34.3,35.6,36.4,28.0,31.0,31.5,28.0,34.8,32.5,28.6,27.6,29.1,29.0,27.2,27.4,28.0,25.1,28.5,26.5,31.6,24.5,39.0,30.0,32.0,32.86997145081758,-17.79871520342606
299.687,34.3,35.6,36.4,28.0,31.0,31.5,28.1,34.7,32.5,28.6,27.6,29.1,29.0,27.2,27.4,28.0,25.1,28.5,26.5,31.6,24.5,39.0,30.0,32.0,33.06825849987036,-17.79871520342606
